9780316038867,2010-07-01
9780316071079,2026-02-16
9780316071093,2026-02-16
9780316071109,2026-02-16
9780316071123,2026-02-16
9780316071130,2026-02-16
9780316071147,
9780316071154,2026-02-16
9780316072939,2026-02-16
9780316072984,
9780316072991,2026-02-16
9780316073059,2026-02-16
9780316073103,2026-02-16
9780316073127,2026-02-16
9780316073134,2026-02-16
9780316073141,2026-02-16
9780316073172,2026-02-16
9780316073189,2026-02-16
9780316073196,2026-02-16
9780316073202,2026-02-16
9780316073219,2026-02-16
9780316073240,2026-02-16
9780316073257,2026-02-16
9780316073271,2026-02-16
9780316073288,
9780316073349,2026-02-16
9780316073875,2026-02-16
9780316073899,2026-02-16
9780316073905,2026-02-16
9780316073912,2026-02-16
9780316073929,2026-02-16
9780316076074,2026-02-16
9780316076081,2026-02-16
9780316076104,2026-02-16
9780316076111,
9780316076128,2026-02-16
9780316076159,2026-02-16
9780316076166,
9780316076906,2010-07-27
9780316076920,2011-01-25
9780316076937,2011-08-16
9780316076944,2012-01-24
9780316076968,2013-01-22
9780316076975,2013-07-23
9780316076982,2014-01-21
9780316077323,2026-02-16
9780316077330,2026-02-16
9780316077354,2026-02-16
9780316077361,2026-02-16
9780316077378,2026-02-16
9780316077385,
9780316077705,2026-02-16
9780316077729,
9780316077736,2026-02-16
9780316077781,2026-02-16
9780316077866,
9780316080842,2026-02-16
9780316081122,2026-02-16
9780316081146,2026-02-16
9780316081191,2026-02-16
9780316084253,2026-02-16
9780316084260,2026-02-16
9780316084284,2026-02-16
9780316084291,2026-02-16
9780316084307,2026-02-16
9780316085014,2026-02-16
9780316085021,2026-02-16
9780316085366,2026-02-16
9780316085403,2026-02-16
9780316085410,2026-02-16
9780316086110,2026-02-16
9780316089579,2026-02-16
9780316089586,2026-02-16
9780316091268,2026-02-16
9780316097611,2026-02-16
9780316097659,2026-02-16
9780316097666,2026-02-16
9780316102230,2026-02-16
9780316102254,2026-02-16
9780316102278,2026-02-16
9780316102285,
9780316102308,2026-02-16
9780316102353,2026-02-16
9780316102391,2026-02-16
9780316102407,2026-02-16
9780316119412,2026-02-16
9780316119429,
9780316119436,2026-02-16
9780316119528,2026-02-16
9780316119542,2026-02-16
9780316123754,2026-02-16
9780316123761,2026-02-16
9780316123785,2026-02-16
9780316123792,2026-02-16
9780316123839,2026-02-16
9780316123846,
9780316123853,
9780316123877,2026-02-16
9780316123884,2026-02-16
9780316126748,2026-02-16
9780316126755,2026-02-16
9780316126793,2026-02-16
9780316127608,2026-02-16
9780316128049,2026-02-16
9780316128056,2026-02-16
9780316128063,2026-02-16
9780316131957,2026-02-16
9780316132114,2026-02-16
9780316132251,2026-02-16
9780316132398,2026-02-16
9780316132428,2026-02-16
9780316132459,2026-02-16
9780316132466,2026-02-16
9780316176361,2026-02-16
9780316177979,2026-02-16
9780316178006,
9780316178013,2026-02-16
9780316178020,2026-02-16
9780316178181,2026-02-16
9780316178198,2026-02-16
9780316178211,2026-02-16
9780316178228,2026-02-16
9780316178259,2026-02-16
9780316180993,2026-02-16
9780316182713,2026-02-16
9780316183543,2026-02-16
9780316183550,2026-02-16
9780316184106,2026-02-16
9780316187589,2026-02-16
9780316187596,
9780316187602,2026-02-16
9780316187619,2026-02-16
9780316187633,2026-02-16
9780316188210,2026-02-16
9780316189361,2026-02-16
9780316189378,2026-02-16
9780316189439,2026-02-16
9780316189576,2026-02-16
9780316189583,2026-02-16
9780316189613,2026-02-16
9780316189620,2026-02-16
9780316189637,2026-02-16
9780316189651,2026-02-16
9780316189675,2026-02-16
9780316189880,2026-02-16
9780316190336,2026-02-16
9780316190534,2026-02-16
9780316190541,2026-02-16
9780316190718,2026-02-16
9780316190732,2026-02-16
9780316190817,2026-02-16
9780316190824,2026-02-16
9780316190831,2026-02-16
9780316194464,2026-02-16
9780316195720,2026-02-16
9780316195737,2026-02-16
9780316195744,2026-02-16
9780316195775,2026-02-16
9780316197250,2026-02-16
9780316197274,2026-02-16
9780316197281,
9780316197298,2026-02-16
9780316197311,2026-02-16
9780316197335,
9780316200967,2026-02-16
9780316200974,2026-02-16
9780316200981,2026-02-16
9780316201032,2026-02-16
9780316201049,2026-02-16
9780316202237,2012-07-17
9780316204682,2026-02-16
9780316204699,2026-02-16
9780316204705,2026-02-16
9780316204804,2026-02-16
9780316204811,2026-02-16
9780316204828,2026-02-16
9780316204835,2026-02-16
9780316204859,2026-02-16
9780316204866,
9780316204873,2026-02-16
9780316204903,2026-02-16
9780316205085,2026-02-16
9780316207843,2026-02-16
9780316209311,2026-02-16
9780316209328,2026-02-16
9780316209335,2026-02-16
9780316209410,2026-02-16
9780316209427,2026-02-16
9780316209434,2026-02-16
9780316209441,2026-02-16
9780316209458,2026-02-16
9780316209502,2026-02-16
9780316209519,2026-02-16
9780316210331,2026-02-16
9780316210348,
9780316210355,
9780316210362,2026-02-16
9780316210379,2026-02-16
9780316210386,2026-02-16
9780316211864,2026-02-16
9780316212984,2026-02-16
9780316213622,2026-02-16
9780316213684,2026-02-16
9780316213691,2026-02-16
9780316213707,2026-02-16
9780316213714,2026-02-16
9780316213721,2026-02-16
9780316213738,
9780316213745,2026-02-16
9780316213752,2026-02-16
9780316213776,2026-02-16
9780316213783,2026-02-16
9780316213790,2026-02-16
9780316213806,2026-02-16
9780316213813,2026-02-16
9780316213851,2026-02-16
9780316213875,2026-02-16
9780316213899,2026-02-16
9780316213905,2026-02-16
9780316214735,2026-02-16
9780316214742,
9780316214759,2026-02-16
9780316214766,2026-02-16
9780316214780,2026-02-16
9780316214797,2026-02-16
9780316214803,2026-02-16
9780316214810,2026-02-16
9780316214827,2026-02-16
9780316214834,2026-02-16
9780316214841,2026-02-16
9780316214858,2026-02-16
9780316214865,2026-02-16
9780316214889,2026-02-16
9780316214896,2026-02-16
9780316214902,2026-02-16
9780316214919,2026-02-16
9780316214926,2026-02-16
9780316214933,2026-02-16
9780316214940,2026-02-16
9780316214957,2026-02-16
9780316214964,2026-02-16
9780316214988,2026-02-16
9780316214995,2026-02-16
9780316215015,2026-02-16
9780316215039,2026-02-16
9780316215053,2026-02-16
9780316215060,2026-02-16
9780316215091,2026-02-16
9780316216159,2026-02-16
9780316217088,2026-02-16
9780316217101,2026-02-16
9780316217125,
9780316217132,2026-02-16
9780316217149,2026-02-16
9780316217156,2026-02-16
9780316217163,2026-02-16
9780316217194,2026-02-16
9780316217200,
9780316217224,2026-02-16
9780316217903,2026-02-16
9780316217934,2026-02-16
9780316217941,2026-02-16
9780316217958,2026-02-16
9780316218399,2026-02-16
9780316218405,2026-02-16
9780316218412,2026-02-16
9780316218429,2026-02-16
9780316218443,2026-02-16
9780316218450,2026-02-16
9780316218566,2026-02-16
9780316218573,2026-02-16
9780316218733,2026-02-16
9780316218757,2026-02-16
9780316218764,2026-02-16
9780316218771,2026-02-16
9780316218788,2026-02-16
9780316218795,2026-02-16
9780316218801,2026-02-16
9780316218818,2026-02-16
9780316218825,2026-02-16
9780316218832,2026-02-16
9780316218856,2026-02-16
9780316218863,2026-02-16
9780316218870,
9780316218887,2026-02-16
9780316218900,
9780316219969,2026-02-16
9780316219976,2026-02-16
9780316219990,2026-02-16
9780316220002,2026-02-16
9780316221061,2026-02-16
9780316221290,2026-02-16
9780316221306,2026-02-16
9780316221382,2026-02-16
9780316221399,2026-02-16
9780316221405,2026-02-16
9780316221412,2026-02-16
9780316221436,2026-02-16
9780316221443,2026-02-16
9780316221450,2026-02-16
9780316221467,2026-02-16
9780316221474,2026-02-16
9780316221481,
9780316221498,2026-02-16
9780316221504,2026-02-16
9780316221511,2026-02-16
9780316221535,2026-02-16
9780316221542,2026-02-16
9780316221559,2026-02-16
9780316221566,2026-02-16
9780316221573,2026-02-16
9780316221580,2026-02-16
9780316221597,2026-02-16
9780316221603,2026-02-16
9780316221610,2026-02-16
9780316221634,2026-02-16
9780316221641,2026-02-16
9780316221658,2026-02-16
9780316221665,2026-02-16
9780316221672,2026-02-16
9780316221689,2026-02-16
9780316221801,2012-04-03
9780316221818,2012-04-03
9780316221849,2026-02-16
9780316221863,2026-02-16
9780316221887,2026-02-16
9780316221931,2026-02-16
9780316221955,2026-02-16
9780316224284,2026-02-16
9780316224291,
9780316224307,2026-02-16
9780316224314,2026-02-16
9780316224345,2026-02-16
9780316225182,2026-02-16
9780316225335,2026-02-16
9780316225342,2026-02-16
9780316225359,2026-02-16
9780316225366,2026-02-16
9780316225373,2026-02-16
9780316225380,2026-02-16
9780316225397,2026-02-16
9780316225410,2026-02-16
9780316225458,2026-02-16
9780316225465,
9780316225472,2026-02-16
9780316226530,2026-02-16
9780316226547,2026-02-16
9780316226554,2026-02-16
9780316226677,2026-02-16
9780316226684,2026-02-16
9780316226691,2026-02-16
9780316226707,2026-02-16
9780316226714,2026-02-16
9780316226721,2026-02-16
9780316227452,2026-02-16
9780316227476,2026-02-16
9780316227490,
9780316227513,2026-02-16
9780316227537,2026-02-16
9780316227551,2026-02-16
9780316227599,2026-02-16
9780316227612,2026-02-16
9780316227636,2026-02-16
9780316228367,2026-02-16
9780316228381,2026-02-16
9780316228398,2026-02-16
9780316228404,2026-02-16
9780316228602,2013-11-19
9780316228619,2012-09-04
9780316228626,2012-09-04
9780316228633,2012-09-04
9780316228640,2012-09-04
9780316228657,2012-09-04
9780316228664,2012-09-04
9780316228688,2012-09-04
9780316228695,2012-11-20
9780316228701,2013-06-18
9780316228718,
9780316228725,2026-02-16
9780316228749,2026-02-16
9780316228954,2026-02-16
9780316228985,2026-02-16
9780316229043,2026-02-16
9780316229104,2026-02-16
9780316229128,2012-12-11
9780316229142,2026-02-16
9780316229159,2026-02-16
9780316229166,2026-02-16
9780316229197,2026-02-16
9780316229340,2026-02-16
9780316229357,2026-02-16
9780316229364,2026-02-16
9780316229388,2026-02-16
9780316229395,2026-02-16
9780316229401,2026-02-16
9780316229418,2026-02-16
9780316229425,2026-02-16
9780316229432,2026-02-16
9780316229449,2026-02-16
9780316229456,2026-02-16
9780316229463,2026-02-16
9780316229487,2026-02-16
9780316229494,2026-02-16
9780316229500,2026-02-16
9780316229517,2026-02-16
9780316229524,2026-02-16
9780316229531,2026-02-16
9780316229890,2026-02-16
9780316230575,2026-02-16
9780316231923,2026-02-16
9780316231930,2026-02-16
9780316232029,2026-02-16
9780316232036,2026-02-16
9780316232197,2026-02-16
9780316232227,2026-02-16
9780316232234,2026-02-16
9780316232241,2026-02-16
9780316232388,2026-02-16
9780316232401,2026-02-16
9780316232678,2026-02-16
9780316232685,2026-02-16
9780316233712,2026-02-16
9780316233736,2026-02-16
9780316233750,2026-02-16
9780316233781,2026-02-16
9780316233804,2026-02-16
9780316233866,2026-02-16
9780316234900,2026-02-16
9780316236973,2026-02-16
9780316236997,2026-02-16
9780316237000,2026-02-16
9780316237017,2026-02-16
9780316237024,2026-02-16
9780316237031,2026-02-16
9780316237048,2026-02-16
9780316237055,2026-02-16
9780316237062,2026-02-16
9780316237079,2026-02-16
9780316237093,2026-02-16
9780316237109,2026-02-16
9780316237116,2026-02-16
9780316237123,2026-02-16
9780316237130,2026-02-16
9780316237147,2026-02-16
9780316237154,2026-02-16
9780316237161,2026-02-16
9780316237178,2026-02-16
9780316237192,
9780316237239,2026-02-16
9780316237246,2026-02-16
9780316237260,2026-02-16
9780316237277,2026-02-16
9780316237284,2026-02-16
9780316237291,2026-02-16
9780316237307,2026-02-16
9780316237314,2026-02-16
9780316237338,2026-02-16
9780316237345,2026-02-16
9780316237352,
9780316237369,
9780316237376,2026-02-16
9780316237383,2026-02-16
9780316237390,2026-02-16
9780316237406,2026-02-16
9780316237413,2026-02-16
9780316237437,2026-02-16
9780316237444,2026-02-16
9780316237451,2026-02-16
9780316237468,2026-02-16
9780316237475,2026-02-16
9780316237482,2026-02-16
9780316237499,2026-02-16
9780316237505,2026-02-16
9780316237512,2026-02-16
9780316237536,2026-02-16
9780316237543,2026-02-16
9780316237550,2026-02-16
9780316237567,
9780316237574,2026-02-16
9780316237581,2026-02-16
9780316237598,2026-02-16
9780316237604,2026-02-16
9780316237611,2026-02-16
9780316237635,2026-02-16
9780316237642,2026-02-16
9780316237659,2026-02-16
9780316237666,2026-02-16
9780316237673,2026-02-16
9780316237680,2026-02-16
9780316237697,2026-02-16
9780316237703,2026-02-16
9780316237710,2026-02-16
9780316237734,2026-02-16
9780316237741,2026-02-16
9780316237758,2026-02-16
9780316237765,2026-02-16
9780316237772,2026-02-16
9780316237789,2026-02-16
9780316237796,
9780316237802,2026-02-16
9780316237819,2026-02-16
9780316237833,2026-02-16
9780316237840,2026-02-16
9780316239189,2026-02-16
9780316239202,2026-02-16
9780316239226,2026-02-16
9780316239240,2026-02-16
9780316239271,2026-02-16
9780316239295,2026-02-16
9780316239318,2026-02-16
9780316239752,2026-02-16
9780316239776,2026-02-16
9780316240321,2026-02-16
9780316240338,2026-02-16
9780316240345,2026-02-16
9780316240352,
9780316240369,2026-02-16
9780316240376,2026-02-16
9780316240383,2026-02-16
9780316240413,2026-02-16
9780316240420,2026-02-16
9780316240444,2026-02-16
9780316240468,2026-02-16
9780316240482,2026-02-16
9780316240512,2026-02-16
9780316240536,2026-02-16
9780316240550,2026-02-16
9780316240574,2026-02-16
9780316240611,2026-02-16
9780316240635,2026-02-16
9780316240659,2026-02-16
9780316240673,2026-02-16
9780316240697,2026-02-16
9780316240727,2026-02-16
9780316240741,2026-02-16
9780316240949,2026-02-16
9780316240963,
9780316240987,2026-02-16
9780316241014,2026-02-16
9780316241038,2026-02-16
9780316241052,2026-02-16
9780316241083,2026-02-16
9780316241113,2026-02-16
9780316241137,2026-02-16
9780316241151,2026-02-16
9780316241175,2026-02-16
9780316241199,2026-02-16
9780316241229,2026-02-16
9780316241243,2026-02-16
9780316241267,2026-02-16
9780316241281,2026-02-16
9780316241465,2026-02-16
9780316241489,2026-02-16
9780316241519,2026-02-16
9780316241533,2026-02-16
9780316241557,2026-02-16
9780316241571,2026-02-16
9780316241595,2026-02-16
9780316241625,2026-02-16
9780316241649,2026-02-16
9780316241663,2026-02-16
9780316241687,2026-02-16
9780316241717,2026-02-16
9780316241731,2026-02-16
9780316241755,2026-02-16
9780316241779,2026-02-16
9780316241793,2026-02-16
9780316241823,2026-02-16
9780316241847,2026-02-16
9780316241861,2026-02-16
9780316241885,2026-02-16
9780316241915,2026-02-16
9780316241939,2026-02-16
9780316241953,2026-02-16
9780316241977,2026-02-16
9780316241991,2026-02-16
9780316242028,2026-02-16
9780316242042,2026-02-16
9780316243094,2026-02-16
9780316243100,2026-02-16
9780316243117,2026-02-16
9780316243124,2026-02-16
9780316243131,2026-02-16
9780316243162,2026-02-16
9780316243179,2026-02-16
9780316243186,2026-02-16
9780316244299,2026-02-16
9780316244305,2026-02-16
9780316244312,2026-02-16
9780316244329,2026-02-16
9780316245289,2026-02-16
9780316245302,2026-02-16
9780316245319,2026-02-16
9780316245326,2026-02-16
9780316245333,2026-02-16
9780316245340,2026-02-16
9780316245357,
9780316245364,2026-02-16
9780316245425,2026-02-16
9780316245432,2026-02-16
9780316245449,2026-02-16
9780316245463,2013-04-23
9780316245487,2013-08-20
9780316245609,2026-02-16
9780316245623,2026-02-16
9780316245647,2026-02-16
9780316245661,2026-02-16
9780316245807,2026-02-16
9780316245821,2026-02-16
9780316245845,2026-02-16
9780316245869,2026-02-16
9780316245913,2026-02-16
9780316245920,2026-02-16
9780316245937,2012-12-18
9780316245944,2012-12-18
9780316245951,2012-12-18
9780316245968,2013-01-22
9780316245982,2013-07-23
9780316245999,2014-01-21
9780316246002,2012-12-18
9780316247429,2026-02-16
9780316247887,2026-02-16
9780316247917,2026-02-16
9780316248075,
9780316248099,2026-02-16
9780316250849,2026-02-16
9780316250863,2026-02-16
9780316250887,2026-02-16
9780316250894,2026-02-16
9780316250924,2026-02-16
9780316250931,2026-02-16
9780316250948,
9780316250955,2026-02-16
9780316250962,2026-02-16
9780316250986,2026-02-16
9780316251143,2026-02-16
9780316251495,2026-02-16
9780316251518,2026-02-16
9780316252461,2026-02-16
9780316252669,2026-02-16
9780316252676,2026-02-16
9780316252690,2026-02-16
9780316252713,2026-02-16
9780316252737,2026-02-16
9780316252751,2013-03-19
9780316252768,2013-07-23
9780316252775,2026-02-16
9780316252782,2026-02-16
9780316252799,2026-02-16
9780316252805,2026-02-16
9780316252812,2026-02-16
9780316252843,2026-02-16
9780316252850,2026-02-16
9780316252881,2026-02-16
9780316254199,2026-02-16
9780316254205,
9780316254212,
9780316254236,2026-02-16
9780316254243,2026-02-16
9780316254250,2026-02-16
9780316254267,2026-02-16
9780316254274,2026-02-16
9780316254281,2026-02-16
9780316254298,
9780316254700,
9780316255622,
9780316257862,2026-02-16
9780316258197,2026-02-16
9780316258562,2026-02-16
9780316258845,2026-02-16
9780316258852,
9780316259347,2026-02-16
9780316259361,2015-03-24
9780316259392,2026-02-16
9780316259408,2026-02-16
9780316259415,2026-02-16
9780316259422,2015-02-24
9780316259439,2026-02-16
9780316259446,2026-02-16
9780316259453,2026-02-16
9780316259460,2026-02-16
9780316259477,2015-05-26
9780316260190,2015-03-24
9780316260251,2026-02-16
9780316260558,2026-02-16
9780316260565,2026-02-16
9780316260596,2015-06-23
9780316261685,2026-02-15
9780316261692,2026-02-15
9780316261739,2015-09-22
9780316262415,2026-02-16
9780316262439,2026-02-16
9780316262453,2026-02-16
9780316262460,2026-02-16
9780316262934,2026-02-16
9780316262941,2026-02-16
9780316262965,2026-02-16
9780316262989,
9780316263016,2026-02-16
9780316263030,2026-02-16
9780316263054,2026-02-16
9780316263078,2026-02-16
9780316263108,
9780316263122,2026-02-16
9780316263146,2026-02-16
9780316263160,2026-02-16
9780316263184,2026-02-16
9780316263474,2026-02-16
9780316263481,2026-02-15
9780316263498,2026-02-15
9780316263504,2026-02-15
9780316263535,2026-02-15
9780316263542,2026-02-16
9780316263559,2026-02-16
9780316263580,2026-02-15
9780316263603,2026-02-15
9780316263634,2026-02-15
9780316263658,2026-02-15
9780316263672,2026-02-16
9780316263689,2026-02-15
9780316263696,2026-02-15
9780316263702,2026-02-15
9780316263719,2026-02-15
9780316263733,2026-02-15
9780316263740,2026-02-15
9780316263757,2026-02-15
9780316263764,2026-02-15
9780316263771,2026-02-15
9780316263788,2026-02-15
9780316263795,2026-02-15
9780316263801,2026-02-15
9780316263818,2015-07-21
9780316263849,2015-11-17
9780316263856,2016-03-22
9780316263863,2016-07-19
9780316263870,2016-11-15
9780316263887,2017-03-21
9780316263900,
9780316266642,2026-02-16
9780316266673,2026-02-16
9780316266697,2026-02-15
9780316266710,2026-02-15
9780316266734,2026-02-15
9780316266765,2026-02-15
9780316267991,2026-02-16
9780316268004,2026-02-16
9780316268011,2026-02-16
9780316268219,2026-02-15
9780316268226,2026-02-15
9780316268691,2026-02-15
9780316268899,2016-01-26
9780316268905,2026-02-15
9780316268912,2026-02-15
9780316268936,2026-02-15
9780316268943,2026-02-15
9780316268950,2026-02-15
9780316268998,2026-02-15
9780316269001,2026-02-15
9780316269018,2026-02-15
9780316269025,2026-02-15
9780316269032,2026-02-15
9780316269056,2026-02-15
9780316269087,2026-02-15
9780316269094,2026-02-15
9780316269117,2026-02-15
9780316269124,2026-02-15
9780316269131,2026-02-15
9780316269155,2026-02-15
9780316269186,2026-02-15
9780316269193,2026-02-15
9780316269209,2026-02-15
9780316269223,2026-02-15
9780316269230,2026-02-15
9780316269254,2026-02-15
9780316269261,2026-02-15
9780316269384,2026-02-15
9780316269391,2026-02-15
9780316269995,2026-02-15
9780316270106,2026-02-15
9780316270113,
9780316270120,2026-02-15
9780316270137,2026-02-15
9780316270144,2026-02-15
9780316270274,2026-02-15
9780316270298,2026-02-15
9780316270366,2016-05-24
9780316270373,2016-05-24
9780316270397,2016-08-30
9780316270403,2016-08-30
9780316270410,2016-12-20
9780316270427,2016-12-20
9780316270441,2017-04-18
9780316270472,2026-02-15
9780316270502,2026-02-15
9780316270526,2026-02-15
9780316270540,2026-02-15
9780316270571,2026-02-15
9780316270595,2026-02-15
9780316270601,2016-02-23
9780316270618,2026-02-15
9780316272155,2026-02-15
9780316272162,2026-02-15
9780316272179,2026-02-15
9780316272186,2026-02-15
9780316272193,2026-02-15
9780316272216,2026-02-15
9780316272223,2026-02-15
9780316272230,2016-06-28
9780316272247,2016-05-24
9780316272261,2026-02-15
9780316272285,2026-02-15
9780316272292,2026-02-15
9780316272315,2026-02-15
9780316272322,2026-02-15
9780316272339,2016-06-21
9780316272346,2026-02-15
9780316272377,2026-02-15
9780316272384,2026-02-15
9780316272391,2026-02-15
9780316272414,2026-02-15
9780316272421,2026-02-15
9780316275187,2026-02-15
9780316275200,2026-02-15
9780316275231,2026-02-15
9780316275255,2026-02-15
9780316275286,2026-02-15
9780316275316,2026-02-15
9780316275347,2026-02-15
9780316275361,2026-02-15
9780316275385,2026-02-15
9780316275408,2026-02-15
9780316275453,2026-02-15
9780316275491,2026-02-15
9780316276092,2026-02-15
9780316276115,2026-02-15
9780316276122,2026-02-15
9780316276139,2026-02-15
9780316276245,2026-02-15
9780316276740,2026-02-15
9780316276757,2026-02-15
9780316276795,2026-02-15
9780316276856,2026-02-15
9780316279130,2026-02-16
9780316282345,
9780316282352,2026-02-16
9780316282369,2026-02-16
9780316282383,2026-02-16
9780316282390,2026-02-16
9780316282406,2026-02-16
9780316282413,2026-02-16
9780316282420,2026-02-16
9780316282437,
9780316282451,2026-02-16
9780316282499,2026-02-16
9780316282505,2026-02-16
9780316282512,2026-02-16
9780316282529,2026-02-16
9780316282536,2026-02-16
9780316282550,2026-02-16
9780316282567,2026-02-16
9780316282574,2026-02-16
9780316282598,2026-02-16
9780316282628,2026-02-16
9780316282635,2026-02-16
9780316282673,2026-02-16
9780316282680,2026-02-16
9780316282703,2026-02-16
9780316282727,2026-02-16
9780316282734,2026-02-16
9780316282789,2026-02-16
9780316282802,2026-02-16
9780316285483,2026-02-16
9780316285513,2026-02-16
9780316285582,
9780316285605,2026-02-16
9780316286183,2026-02-16
9780316286190,2026-02-16
9780316286213,2026-02-16
9780316286220,2026-02-16
9780316286237,2026-02-16
9780316286244,2026-02-16
9780316286763,
9780316286770,2026-02-16
9780316288798,
9780316291583,2026-02-16
9780316291668,2026-02-16
9780316291729,2026-02-16
9780316291767,2026-02-16
9780316294881,2026-02-16
9780316294935,
9780316296335,2026-02-16
9780316296366,2014-11-18
9780316296373,2015-03-24
9780316296380,2015-07-21
9780316296397,2015-11-17
9780316296403,2016-03-22
9780316296427,2014-12-16
9780316296434,2015-04-21
9780316296441,2015-08-18
9780316296458,2015-12-15
9780316296595,2026-02-16
9780316297301,2026-02-16
9780316297325,2026-02-16
9780316297349,2026-02-16
9780316297363,2026-02-16
9780316297394,2026-02-16
9780316297417,2026-02-16
9780316297431,2026-02-16
9780316297455,2026-02-16
9780316297479,2026-02-16
9780316297509,2026-02-16
9780316297523,2026-02-16
9780316297547,2026-02-16
9780316297561,2026-02-16
9780316298117,2026-02-16
9780316298131,2026-02-16
9780316298148,2026-02-16
9780316298162,2026-02-16
9780316298179,2026-02-16
9780316298544,2026-02-16
9780316298759,
9780316298766,2026-02-16
9780316298773,2026-02-16
9780316298780,2026-02-16
9780316298797,2026-02-16
9780316298803,2026-02-16
9780316298810,2026-02-16
9780316298834,2026-02-16
9780316298841,
9780316300421,2026-02-16
9780316302159,2026-02-16
9780316302197,2026-02-15
9780316302210,2026-02-16
9780316302234,2026-02-16
9780316302241,2026-02-16
9780316302258,2015-06-30
9780316302616,2026-02-16
9780316302630,2026-02-16
9780316302654,2026-02-16
9780316304412,2026-02-15
9780316304443,2026-02-16
9780316304450,2026-02-15
9780316304467,2026-02-15
9780316304474,2026-02-15
9780316304498,2026-02-16
9780316304504,2026-02-16
9780316304559,2015-09-22
9780316304573,2016-01-19
9780316304740,2015-07-21
9780316304764,2015-11-17
9780316304771,2016-03-22
9780316304788,2016-07-19
9780316304795,2016-11-15
9780316304818,2017-03-21
9780316304825,2015-07-21
9780316304900,2015-11-17
9780316304931,2016-03-22
9780316304955,2016-07-19
9780316304962,2016-11-15
9780316304979,2017-03-21
9780316304993,2015-08-18
9780316305013,2026-02-16
9780316305020,2026-02-16
9780316305037,2026-02-16
9780316305044,2026-02-16
9780316305402,2026-02-16
9780316305419,2026-02-15
9780316305426,
9780316305457,2026-02-16
9780316305495,2026-02-15
9780316305518,2026-02-15
9780316305532,2026-02-15
9780316305556,
9780316305785,2026-02-16
9780316305808,2026-02-16
9780316305822,2026-02-16
9780316305846,2026-02-15
9780316305860,2026-02-15
9780316305891,2026-02-15
9780316305921,2026-02-15
9780316305945,2026-02-15
9780316305969,2026-02-15
9780316306010,2026-02-16
9780316306034,2026-02-16
9780316306171,2026-02-16
9780316306195,2026-02-16
9780316306782,2026-02-15
9780316306799,2026-02-15
9780316307956,2026-02-16
9780316307970,2026-02-15
9780316307994,2026-02-15
9780316308014,2026-02-16
9780316308045,2026-02-16
9780316308755,2016-01-26
9780316308762,2016-07-19
9780316308779,2026-02-15
9780316308793,2026-02-15
9780316308809,2026-02-15
9780316308816,2026-02-15
9780316308823,2026-02-15
9780316308830,2026-02-15
9780316308847,2026-02-15
9780316308854,2026-02-15
9780316308878,2026-02-15
9780316308885,2026-02-16
9780316308915,2026-02-15
9780316308953,2026-02-15
9780316308977,2026-02-15
9780316309004,2026-02-15
9780316309011,2026-02-15
9780316309042,2026-02-15
9780316309066,2026-02-15
9780316309080,2026-02-15
9780316309097,2026-02-15
9780316309103,2026-02-15
9780316309110,
9780316309462,2026-02-15
9780316309479,2026-02-15
9780316309493,2026-02-15
9780316309523,2026-02-15
9780316309707,2026-02-15
9780316309745,2026-02-15
9780316309783,2026-02-15
9780316309806,2026-02-15
9780316309820,2026-02-15
9780316309837,
9780316309868,2026-02-15
9780316309882,
9780316309912,2026-02-15
9780316309929,2026-02-15
9780316309936,2026-02-15
9780316309950,2026-02-15
9780316309998,2026-02-15
9780316310017,2026-02-15
9780316310024,2026-02-15
9780316310079,2026-02-15
9780316310093,2026-02-15
9780316310116,2026-02-15
9780316310147,2026-02-15
9780316310154,2026-02-15
9780316310178,2026-02-15
9780316310185,2026-02-15
9780316310215,2026-02-15
9780316310222,2026-02-15
9780316310246,
9780316310253,2026-02-15
9780316310451,2026-02-15
9780316310475,
9780316310499,2026-02-15
9780316310512,2026-02-15
9780316310536,
9780316310550,2026-02-15
9780316310567,2026-02-15
9780316310581,2026-02-15
9780316310598,2026-02-15
9780316310611,2026-02-15
9780316310635,2026-02-15
9780316310659,2026-02-15
9780316310673,2026-02-15
9780316310697,2026-02-15
9780316310703,2026-02-15
9780316310727,2026-02-15
9780316310741,2026-02-15
9780316310765,2026-02-15
9780316310789,2026-02-15
9780316310796,2026-02-15
9780316310819,2026-02-15
9780316310826,2026-02-15
9780316310857,2026-02-15
9780316310864,2026-02-15
9780316312295,2016-09-27
9780316312318,2016-05-24
9780316312325,2026-02-15
9780316312349,2026-02-15
9780316312370,2026-02-15
9780316312417,2026-02-15
9780316312431,2026-02-15
9780316312455,2026-02-15
9780316314343,2026-02-15
9780316314688,2026-02-15
9780316314794,2016-04-19
9780316314824,2026-02-15
9780316314879,2026-02-15
9780316314886,2026-02-15
9780316314930,2026-02-15
9780316314947,2026-02-15
9780316314961,2026-02-15
9780316315272,2016-08-30
9780316315302,2016-07-19
9780316315333,2016-11-01
9780316316323,2016-01-26
9780316316439,2018-10-30
9780316316446,2026-02-15
9780316316453,2026-02-15
9780316316460,2026-02-15
9780316316477,
9780316316484,2026-02-15
9780316316491,2026-02-15
9780316316507,2026-02-15
9780316316521,2026-02-15
9780316316576,2016-02-23
9780316316583,2016-02-23
9780316316606,2016-02-23
9780316316613,2016-02-23
9780316316637,2016-02-23
9780316316644,2016-02-23
9780316317603,2026-02-15
9780316317610,2016-12-20
9780316317627,2026-02-15
9780316317832,2026-02-15
9780316317856,2026-02-15
9780316317863,2026-02-15
9780316317887,2026-02-15
9780316317900,2026-02-15
9780316317924,2026-02-15
9780316317948,2026-02-15
9780316317986,2026-02-15
9780316318020,2026-02-15
9780316318044,2026-02-15
9780316318068,2017-09-19
9780316318075,2017-09-19
9780316318082,2018-05-22
9780316318143,2016-11-01
9780316318167,2017-02-21
9780316318174,2017-02-21
9780316318181,2017-06-20
9780316318211,2017-06-20
9780316318228,2017-10-31
9780316318235,2017-10-31
9780316318242,2016-07-19
9780316318266,2016-12-13
9780316318594,2026-02-15
9780316319218,2026-02-15
9780316319225,2026-02-15
9780316322041,2026-02-16
9780316322058,2026-02-16
9780316322072,
9780316322089,2026-02-16
9780316322096,2026-02-16
9780316322102,2026-02-16
9780316322133,2026-02-16
9780316322157,2026-02-16
9780316322171,2026-02-16
9780316322188,2026-02-16
9780316322195,2026-02-16
9780316322225,2026-02-16
9780316322232,2026-02-16
9780316322263,2026-02-16
9780316322287,2026-02-16
9780316322294,2026-02-16
9780316322300,2026-02-16
9780316322324,2026-02-16
9780316322331,2026-02-16
9780316322355,2026-02-16
9780316322362,2013-12-17
9780316322386,2026-02-16
9780316323796,2026-02-16
9780316324236,2026-02-16
9780316324274,2014-04-22
9780316324328,2014-08-26
9780316324342,2026-02-16
9780316324366,2026-02-16
9780316324380,2026-02-16
9780316324540,2026-02-16
9780316324564,2026-02-16
9780316324588,2026-02-16
9780316334792,
9780316334822,2026-02-16
9780316334846,2026-02-16
9780316334853,
9780316334891,2026-02-16
9780316334914,2026-02-16
9780316334921,2026-02-16
9780316334945,2026-02-16
9780316335065,2026-02-16
9780316335089,
9780316335102,
9780316335126,2026-02-16
9780316335164,2026-02-16
9780316335218,2026-02-16
9780316335874,2026-02-16
9780316335881,2026-02-16
9780316335898,2026-02-16
9780316335904,2026-02-16
9780316336079,
9780316336086,2026-02-16
9780316336093,2026-02-16
9780316336109,2026-02-16
9780316336116,2026-02-16
9780316336130,2026-02-16
9780316336154,2026-02-16
9780316336161,2026-02-16
9780316336208,2026-02-16
9780316336222,2026-02-16
9780316336239,2026-02-16
9780316336253,2026-02-16
9780316336260,
9780316336499,2026-02-16
9780316336505,2026-02-16
9780316336529,2026-02-16
9780316336581,2026-02-16
9780316336598,2026-02-16
9780316336611,2014-12-16
9780316336635,2026-02-16
9780316336659,2026-02-16
9780316336666,2026-02-16
9780316337038,2026-02-16
9780316337045,2026-02-16
9780316339100,2014-10-28
9780316339124,2014-11-18
9780316339155,2014-12-16
9780316339575,2026-02-15
9780316339599,2015-04-21
9780316339612,2015-08-25
9780316339636,2015-12-15
9780316339643,2016-04-19
9780316339667,2026-02-15
9780316339674,2026-02-16
9780316339681,2026-02-16
9780316339698,2026-02-16
9780316339711,2026-02-16
9780316339735,2026-02-15
9780316339759,2026-02-15
9780316339896,2026-02-16
9780316339926,2026-02-16
9780316339971,2026-02-16
9780316340014,2026-02-16
9780316340021,2026-02-16
9780316340045,2026-02-16
9780316340052,2026-02-15
9780316340076,2026-02-15
9780316340083,2026-02-15
9780316340090,2026-02-15
9780316340113,2026-02-15
9780316340120,2026-02-15
9780316340137,2014-12-16
9780316340144,2015-04-21
9780316340151,2015-08-18
9780316340168,2015-12-15
9780316340182,2015-04-21
9780316340199,2015-08-18
9780316340205,2015-12-15
9780316340212,2026-02-16
9780316340229,2026-02-16
9780316340236,2026-02-15
9780316340243,2026-02-16
9780316340250,2026-02-16
9780316340267,2026-02-16
9780316340281,2026-02-15
9780316340298,2026-02-16
9780316340311,2026-02-16
9780316340335,2026-02-16
9780316340359,2026-02-15
9780316340373,2026-02-15
9780316340397,2026-02-16
9780316340403,
9780316340410,2026-02-15
9780316340434,2026-02-15
9780316340441,2026-02-15
9780316340458,2026-02-16
9780316340465,
9780316340472,2026-02-16
9780316340489,2026-02-16
9780316340526,2026-02-16
9780316340540,2015-05-19
9780316340564,2015-08-18
9780316340595,2015-11-17
9780316340601,2016-02-23
9780316342018,2026-02-16
9780316342025,2026-02-16
9780316342032,2026-02-15
9780316342049,2015-09-22
9780316342056,2026-02-16
9780316342063,2026-02-16
9780316342070,2026-02-16
9780316342094,2026-02-16
9780316342124,2026-02-16
9780316342179,2015-06-30
9780316342186,2026-02-16
9780316342193,2026-02-16
9780316343657,2026-02-16
9780316343671,2026-02-16
9780316344876,2026-02-16
9780316344883,2026-02-16
9780316344890,2015-12-15
9780316344906,2016-04-19
9780316344920,2016-12-20
9780316344944,2017-04-18
9780316344951,2015-08-18
9780316344968,2015-12-15
9780316344975,2016-04-19
9780316344982,2016-08-30
9780316344999,2016-12-20
9780316345019,2017-04-18
9780316345477,2015-09-22
9780316345484,2015-09-22
9780316345491,2016-01-19
9780316345507,2016-01-19
9780316345521,2016-05-24
9780316345545,2016-09-27
9780316345569,2017-01-31
9780316345576,2017-01-31
9780316345583,2017-05-23
9780316345590,2017-05-23
9780316345729,2026-02-16
9780316345743,2026-02-15
9780316345750,2026-02-15
9780316345767,
9780316345798,2026-02-15
9780316345804,
9780316345811,2026-02-15
9780316345828,2026-02-15
9780316345835,2026-02-15
9780316345842,2026-02-15
9780316345859,2026-02-16
9780316345866,2026-02-15
9780316345873,2026-02-15
9780316345897,2026-02-15
9780316345903,2026-02-15
9780316346108,2026-02-15
9780316346115,2026-02-15
9780316346122,2026-02-15
9780316346139,2026-02-15
9780316346153,2026-02-15
9780316346160,2026-02-15
9780316346177,2026-02-15
9780316346184,2026-02-15
9780316346313,2026-02-16
9780316346337,2026-02-16
9780316346382,2026-02-15
9780316346436,2026-02-15
9780316346450,2026-02-15
9780316346474,2026-02-15
9780316346498,2026-02-15
9780316346528,2026-02-15
9780316346573,
9780316346597,2026-02-16
9780316346610,2026-02-15
9780316346641,2026-02-15
9780316346672,2026-02-15
9780316348744,2026-02-16
9780316348768,2026-02-15
9780316348775,
9780316348805,2016-04-19
9780316348836,2015-10-27
9780316348850,2026-02-16
9780316348911,2026-02-15
9780316348928,2026-02-15
9780316348935,2026-02-15
9780316348942,2026-02-15
9780316348966,2026-02-15
9780316348973,2026-02-15
9780316349277,2026-02-16
9780316349499,2026-02-16
9780316351362,2026-02-15
9780316351393,2026-02-15
9780316351409,2026-02-15
9780316351416,2026-02-15
9780316351911,
9780316351928,2026-02-15
9780316351966,2026-02-15
9780316352093,2026-02-15
9780316352116,2026-02-15
9780316352123,2026-02-15
9780316352147,2026-02-15
9780316352161,2026-02-15
9780316354288,2026-02-16
9780316354301,2026-02-16
9780316354325,2026-02-15
9780316354387,2026-02-16
9780316354400,2026-02-16
9780316354424,2026-02-15
9780316354455,2026-02-15
9780316354585,2026-02-15
9780316354615,
9780316354684,2026-02-15
9780316354691,2026-02-15
9780316354714,2026-02-15
9780316354745,
9780316354769,2026-02-15
9780316354790,2026-02-15
9780316354813,2026-02-15
9780316354837,2026-02-15
9780316354851,2026-02-15
9780316354882,2026-02-15
9780316354905,2026-02-15
9780316354929,2026-02-15
9780316354943,2026-02-15
9780316354967,2026-02-15
9780316354998,2026-02-15
9780316355025,2026-02-15
9780316356572,2026-02-15
9780316356602,2026-02-15
9780316356626,2026-02-15
9780316356640,2026-02-15
9780316356671,2026-02-15
9780316356732,2026-02-15
9780316356862,2026-02-15
9780316357111,2026-02-15
9780316357135,2026-02-15
9780316358095,2026-02-15
9780316358118,2026-02-15
9780316358132,2026-02-15
9780316358187,2026-02-15
9780316358194,2016-09-27
9780316358217,2026-02-15
9780316358231,2026-02-15
9780316359849,2016-06-28
9780316359924,2016-08-23
9780316359955,2016-08-23
9780316359962,2016-11-15
9780316359979,2016-11-15
9780316359986,2017-02-21
9780316359993,2017-02-21
9780316360005,2017-05-23
9780316360012,2017-05-23
9780316360029,2017-08-22
9780316360036,2017-08-22
9780316360166,2026-02-15
9780316360180,2026-02-15
9780316360197,
9780316360227,2026-02-15
9780316360234,2026-02-15
9780316360241,2026-02-15
9780316360258,2026-02-15
9780316360265,2026-02-15
9780316360272,2026-02-15
9780316360289,2026-02-15
9780316360647,2026-02-15
9780316360654,2026-02-15
9780316360661,2026-02-15
9780316360715,2026-02-15
9780316360722,2026-02-15
9780316360739,2026-02-15
9780316360951,2026-02-15
9780316360968,2026-02-15
9780316360982,2026-02-15
9780316360999,
9780316361019,2026-02-15
9780316361026,2026-02-15
9780316361033,2026-02-15
9780316361040,2026-02-15
9780316361057,2026-02-15
9780316361750,2026-02-15
9780316361767,2026-02-15
9780316361774,
9780316361798,2026-02-15
9780316361804,2026-02-15
9780316361811,2026-02-15
9780316361828,2026-02-15
9780316361835,2026-02-15
9780316361842,2026-02-15
9780316362672,2026-02-15
9780316362689,2026-02-15
9780316362726,2026-02-15
9780316362740,2026-02-15
9780316362764,2026-02-15
9780316362788,2026-02-15
9780316363167,2026-02-15
9780316363174,2026-02-15
9780316363181,2026-02-15
9780316363198,2026-02-15
9780316363235,2026-02-15
9780316363242,2026-02-15
9780316363884,2026-02-15
9780316363907,2016-05-24
9780316363914,2016-09-27
9780316363921,2016-09-27
9780316363938,2017-01-31
9780316363983,2017-01-31
9780316368995,2026-02-16
9780316369008,2026-02-16
9780316369015,2026-02-16
9780316369022,2026-02-16
9780316369039,2026-02-16
9780316369046,2026-02-16
9780316369053,2026-02-16
9780316369084,2026-02-16
9780316369114,2026-02-16
9780316369121,2026-02-16
9780316370417,2026-02-16
9780316370424,2026-02-16
9780316370431,2026-02-16
9780316370448,2026-02-16
9780316370462,2026-02-16
9780316370479,2026-02-16
9780316370493,2026-02-16
9780316370516,2026-02-16
9780316370523,2026-02-16
9780316370530,2026-02-16
9780316371155,2026-02-16
9780316371162,2026-02-16
9780316371179,2026-02-16
9780316371186,2026-02-16
9780316371193,2026-02-16
9780316371209,2026-02-16
9780316371216,2026-02-15
9780316371230,2026-02-16
9780316371247,2014-04-22
9780316374064,2026-02-16
9780316374088,2026-02-16
9780316374095,2026-02-16
9780316374101,2026-02-16
9780316374118,2026-02-16
9780316374125,2026-02-16
9780316374149,2026-02-16
9780316374156,2026-02-16
9780316374163,2026-02-16
9780316374170,2026-02-16
9780316374279,2026-02-16
9780316374309,2026-02-16
9780316374415,2026-02-16
9780316374446,2026-02-16
9780316374477,2026-02-16
9780316374583,2026-02-16
9780316374613,
9780316374767,2026-02-16
9780316374781,2026-02-16
9780316374798,2026-02-16
9780316374811,2026-02-16
9780316374828,2026-02-16
9780316374835,2026-02-16
9780316374842,2026-02-16
9780316375542,
9780316375566,2026-02-16
9780316375597,2026-02-16
9780316375603,2026-02-16
9780316375610,2026-02-16
9780316375658,2026-02-16
9780316375894,2026-02-16
9780316375917,2026-02-16
9780316375924,2026-02-16
9780316375931,2026-02-16
9780316375948,2026-02-16
9780316375955,2026-02-16
9780316376204,2026-02-16
9780316376662,2026-02-16
9780316376709,2026-02-16
9780316376716,2026-02-16
9780316376723,2026-02-16
9780316376730,2014-07-22
9780316376747,2026-02-16
9780316376761,2026-02-16
9780316376778,2026-02-16
9780316376785,2026-02-16
9780316376815,2014-08-26
9780316376822,2026-02-16
9780316376839,2026-02-16
9780316377867,
9780316377874,2026-02-16
9780316377881,2026-02-16
9780316377904,2026-02-16
9780316377928,2026-02-16
9780316377935,2026-02-16
9780316377959,2026-02-16
9780316377973,2026-02-16
9780316378611,2026-02-16
9780316379694,2026-02-16
9780316379731,2026-02-16
9780316379755,2026-02-16
9780316379762,2026-02-16
9780316379786,2026-02-16
9780316379809,2026-02-16
9780316379847,
9780316379854,2026-02-16
9780316379885,2026-02-16
9780316379908,2026-02-16
9780316379939,2026-02-16
9780316379953,2026-02-16
9780316379977,2026-02-15
9780316380454,2026-02-16
9780316380461,2026-02-16
9780316380478,2026-02-16
9780316380485,2026-02-16
9780316381307,2026-02-16
9780316381321,2026-02-16
9780316381345,2026-02-16
9780316381574,2026-02-16
9780316381581,2026-02-16
9780316382717,2026-02-16
9780316382724,
9780316383059,2015-04-21
9780316383080,2026-02-16
9780316383097,2026-02-16
9780316383103,2026-02-16
9780316383110,2015-04-21
9780316383127,2015-04-21
9780316383141,2026-02-16
9780316383745,2026-02-16
9780316383752,2026-02-16
9780316383769,2026-02-16
9780316384155,2026-02-15
9780316384186,2026-02-15
9780316384193,2026-02-16
9780316384209,2026-02-16
9780316384254,2026-02-16
9780316384285,2026-02-16
9780316384308,2026-02-16
9780316384322,2026-02-16
9780316384353,2026-02-16
9780316384377,2026-02-16
9780316384391,2026-02-16
9780316384414,2026-02-16
9780316384438,2026-02-16
9780316384469,2026-02-16
9780316384483,2026-02-16
9780316384506,
9780316384520,2026-02-16
9780316384551,2026-02-15
9780316384575,2026-02-15
9780316384681,2015-05-19
9780316384698,2015-09-22
9780316385015,2015-08-25
9780316385022,2015-12-15
9780316385039,2016-04-19
9780316385046,2016-08-30
9780316385060,2016-12-20
9780316385114,2026-02-16
9780316385121,2026-02-15
9780316385145,2026-02-15
9780316385169,2015-04-21
9780316385176,2015-07-21
9780316385183,2015-07-21
9780316385190,2015-10-27
9780316385206,2015-10-27
9780316385213,2016-03-22
9780316385220,2016-03-22
9780316385237,2016-12-20
9780316385244,2016-12-20
9780316385268,2017-07-25
9780316385275,2017-07-25
9780316385282,2026-02-16
9780316385305,2026-02-16
9780316385381,2026-02-16
9780316385404,2026-02-16
9780316385428,2026-02-16
9780316385442,
9780316385473,2026-02-16
9780316385497,2026-02-16
9780316385510,2026-02-16
9780316385534,2026-02-16
9780316385565,2026-02-16
9780316385589,2026-02-16
9780316385619,2026-02-16
9780316385626,2026-02-16
9780316385640,2026-02-16
9780316385688,
9780316385701,2026-02-16
9780316385725,2026-02-16
9780316385749,2026-02-16
9780316385770,2026-02-16
9780316385794,2026-02-16
9780316385817,2026-02-16
9780316385831,2026-02-16
9780316385855,2026-02-16
9780316388726,2026-02-16
9780316388757,2026-02-16
9780316388788,2026-02-15
9780316388818,2026-02-15
9780316388825,2026-02-15
9780316388849,2026-02-16
9780316388863,2026-02-15
9780316388894,2026-02-16
9780316388917,2026-02-15
9780316388924,2026-02-16
9780316388948,2026-02-15
9780316388962,
9780316388993,2026-02-16
9780316389013,2026-02-16
9780316389037,2026-02-16
9780316389051,
9780316389082,2026-02-16
9780316389105,2026-02-16
9780316389129,2026-02-16
9780316389143,2026-02-16
9780316389167,2026-02-16
9780316389198,2026-02-16
9780316389211,2026-02-16
9780316389235,2026-02-16
9780316390026,2026-02-16
9780316390033,2026-02-16
9780316390040,2026-02-15
9780316390057,2015-06-30
9780316390064,2015-09-22
9780316390088,2016-01-19
9780316390293,2016-08-23
9780316390309,2016-12-20
9780316390316,2017-04-18
9780316390323,2017-08-22
9780316390330,2017-12-19
9780316390347,2026-02-15
9780316390354,2026-02-15
9780316390361,2026-02-15
9780316390385,2026-02-15
9780316390392,2026-02-15
9780316390408,2016-04-19
9780316390415,2016-08-30
9780316390422,2016-12-20
9780316390439,2017-04-18
9780316390446,2017-08-22
9780316390453,2017-12-19
9780316390460,2018-04-24
9780316390484,2018-08-21
9780316390491,2018-12-18
9780316390507,2026-02-15
9780316390545,2026-02-15
9780316390552,2026-02-15
9780316390583,2026-02-15
9780316391429,2026-02-16
9780316391467,2026-02-16
9780316391481,2026-02-15
9780316391511,
9780316391528,2026-02-15
9780316391542,
9780316391559,2026-02-15
9780316391573,2026-02-15
9780316391580,2026-02-15
9780316391603,2026-02-15
9780316391610,2026-02-15
9780316391627,2026-02-15
9780316391634,2026-02-15
9780316391641,2026-02-15
9780316391665,2026-02-15
9780316391689,2026-02-15
9780316391702,2026-02-16
9780316391726,2026-02-16
9780316391740,2026-02-15
9780316391771,2026-02-15
9780316391801,2026-02-15
9780316393096,2026-02-15
9780316393126,2026-02-15
9780316393140,2026-02-15
9780316393300,2026-02-15
9780316393324,2026-02-15
9780316393348,2026-02-15
9780316393355,2026-02-15
9780316393379,2026-02-15
9780316393393,
9780316393461,2026-02-15
9780316393485,2026-02-15
9780316393492,2026-02-15
9780316393522,2026-02-15
9780316393539,2026-02-15
9780316393553,2026-02-15
9780316393577,2026-02-15
9780316393584,2026-02-15
9780316393607,2026-02-15
9780316393621,2026-02-15
9780316393645,2026-02-15
9780316393669,2026-02-15
9780316393676,2026-02-15
9780316393683,
9780316393706,2026-02-15
9780316393737,2026-02-15
9780316394147,2026-02-15
9780316394154,2016-05-24
9780316394161,2016-08-30
9780316394178,2016-12-20
9780316394185,2017-04-18
9780316394192,2016-04-19
9780316394208,2016-08-30
9780316394222,2016-12-20
9780316394239,2017-04-18
9780316395687,2026-02-15
9780316395977,2026-02-15
9780316395991,2026-02-15
9780316396011,2017-05-23
9780316396042,2026-02-15
9780316396066,2026-02-15
9780316397599,2017-05-23
9780316397605,2017-05-23
9780316397612,2017-09-19
9780316397629,2017-09-19
9780316397698,2026-02-15
9780316397759,2026-02-15
9780316397766,2026-02-15
9780316397773,2026-02-15
9780316397780,2026-02-15
9780316397797,2026-02-15
9780316397803,2026-02-15
9780316397810,2026-02-15
9780316397827,2026-02-15
9780316397841,2026-02-15
9780316397858,2026-02-15
9780316397865,2026-02-15
9780316397872,2026-02-15
9780316397889,2026-02-15
9780316397896,2026-02-15
9780316397902,2026-02-15
9780316397919,2026-02-15
9780316397940,2026-02-15
9780316397964,2026-02-15
9780316397988,2026-02-15
9780316398008,2026-02-15
9780316398022,2016-04-19
9780316398046,2016-04-19
9780316398053,2016-04-19
9780316398060,2016-04-19
9780316398077,2016-08-30
9780316398084,2016-12-20
9780316398251,2016-10-25
9780316398268,2017-02-21
9780316398275,2017-02-21
9780316398282,2016-06-21
9780316398299,2016-10-25
9780316398305,2017-06-20
9780316398312,2017-06-20
9780316398329,2017-10-31
9780316398343,2017-10-31
9780316398350,2018-02-27
9780316398367,2018-02-27
9780316398374,2016-11-15
9780316398381,2016-11-15
9780316398398,2016-07-19
9780316398404,2017-03-21
9780316398411,2017-03-21
9780316398428,2017-06-20
9780316398442,2017-06-20
9780316398459,2017-10-31
9780316398466,2017-10-31
9780316398473,2018-02-27
9780316398480,2018-02-27
9780316398497,2018-06-26
9780316398503,2018-06-26
9780316398572,2016-08-30
9780316398589,2016-12-20
9780316398596,2016-12-20
9780316398602,2017-04-18
9780316398619,2017-04-18
9780316398626,2017-08-22
9780316398640,2017-08-22
9780316398657,2017-12-19
9780316398664,2017-12-19
9780316398671,2018-04-24
9780316398688,2018-04-24
9780316398695,2018-08-21
9780316398701,2018-08-21
9780316398718,2018-12-11
9780316398725,2018-12-11
9780316398794,2018-01-30
9780316398800,2018-01-30
9780316398817,2018-05-22
9780316398824,2018-05-22
9780316398848,2018-09-18
9780316398855,2018-09-18
9780316398862,2019-01-22
9780316398879,2019-01-22
9780316399111,2026-02-15
9780316399128,2026-02-15
9780316399142,
9780316399159,2026-02-15
9780316399500,2026-02-15
9780316400800,2026-02-16
9780316401142,
9780316401159,
9780316401166,
9780316401180,
9780316401197,
9780316401203,
9780316401654,2026-02-16
9780316404884,2026-02-16
9780316404907,2026-02-16
9780316404914,2026-02-16
9780316404921,2026-02-16
9780316404938,2026-02-16
9780316404945,2026-02-16
9780316405171,2026-02-16
9780316406499,2026-02-16
9780316406512,2026-02-16
9780316406529,2026-02-16
9780316406949,2026-02-16
9780316406956,2026-02-16
9780316406963,2026-02-16
9780316406970,2026-02-16
9780316406987,2026-02-16
9780316407366,2026-02-16
9780316407373,2026-02-16
9780316407397,2026-02-16
9780316409742,2026-02-16
9780316409766,2026-02-16
9780316409780,2026-02-16
9780316409797,2026-02-16
9780316409803,2026-02-16
9780316409827,2026-02-16
9780316409872,2026-02-16
9780316409889,2026-02-16
9780316409896,
9780316409902,2026-02-16
9780316409926,2026-02-16
9780316409988,2026-02-16
9780316409995,2026-02-16
9780316410007,2026-02-16
9780316410106,2026-02-16
9780316410113,2026-02-16
9780316410151,2026-02-16
9780316410168,2026-02-16
9780316410175,2026-02-16
9780316410212,2026-02-16
9780316410236,
9780316410243,2026-02-16
9780316410250,2026-02-16
9780316410267,2026-02-16
9780316410441,2026-02-16
9780316410465,2026-02-16
9780316410489,2026-02-16
9780316410502,
9780316410519,2026-02-16
9780316410533,2026-02-16
9780316410991,2026-02-16
9780316411790,2017-12-19
9780316411806,2017-12-19
9780316411813,2026-02-15
9780316411837,2026-02-15
9780316411851,2026-02-15
9780316411868,2018-11-13
9780316411882,2017-12-19
9780316411899,2026-02-15
9780316412766,2026-02-15
9780316412773,2026-02-15
9780316412780,2026-02-15
9780316412797,2026-02-15
9780316412803,2026-02-15
9780316412827,2026-02-15
9780316412841,2026-02-15
9780316412858,2026-02-15
9780316412872,2026-02-15
9780316412896,2017-11-21
9780316412902,2017-11-21
9780316412919,2026-02-15
9780316414043,2026-02-15
9780316414050,2026-02-15
9780316414067,2026-02-15
9780316414081,2026-02-15
9780316414098,2026-02-15
9780316414104,2026-02-15
9780316414128,2026-02-15
9780316414142,2026-02-15
9780316414159,2026-02-15
9780316414166,2026-02-15
9780316414173,2026-02-15
9780316414203,2017-12-19
9780316415002,
9780316415057,
9780316415088,
9780316415101,
9780316415125,
9780316415149,
9780316415965,2026-02-15
9780316415972,2026-02-15
9780316415989,2026-02-15
9780316415996,2026-02-15
9780316416016,2026-02-15
9780316416023,2026-02-15
9780316416030,2026-02-15
9780316416047,2026-02-15
9780316416054,2026-02-15
9780316416061,2026-02-15
9780316416078,2026-02-15
9780316416092,2026-02-15
9780316416115,2026-02-15
9780316416122,2026-02-15
9780316416146,2026-02-15
9780316416160,2026-02-15
9780316416177,2026-02-15
9780316416191,2026-02-15
9780316416214,2026-02-15
9780316416290,2026-02-15
9780316416337,2026-02-15
9780316416344,
9780316433532,2026-02-15
9780316433549,2026-02-15
9780316433563,2026-02-15
9780316433570,2026-02-15
9780316433587,2026-02-15
9780316433594,2026-02-15
9780316433600,
9780316433617,2026-02-15
9780316433624,2026-02-15
9780316433631,
9780316433648,2026-02-15
9780316433662,2026-02-15
9780316433679,2026-02-15
9780316433686,2026-02-15
9780316433693,2026-02-15
9780316433709,2026-02-15
9780316433716,2026-02-15
9780316433723,2026-02-15
9780316434218,2026-02-15
9780316434225,2026-02-15
9780316434232,2026-02-15
9780316434249,2026-02-15
9780316435635,2026-02-15
9780316435642,2026-02-15
9780316435659,2026-02-15
9780316435666,2026-02-15
9780316435680,2026-02-15
9780316435703,2026-02-15
9780316435710,2026-02-15
9780316435727,2026-02-15
9780316435734,2026-02-15
9780316435741,2026-02-15
9780316435758,2026-02-15
9780316435833,2026-02-15
9780316435840,2026-02-15
9780316435864,2026-02-15
9780316435871,2026-02-15
9780316435888,2026-02-15
9780316435901,2026-02-15
9780316435925,2026-02-15
9780316435949,2026-02-15
9780316435963,2026-02-15
9780316435987,2026-02-15
9780316436014,2026-02-15
9780316436038,2026-02-15
9780316437356,2026-02-15
9780316438582,2026-02-15
9780316438599,2026-02-15
9780316439091,2026-02-15
9780316439107,
9780316439176,2026-02-15
9780316439183,2026-02-15
9780316439596,2026-02-15
9780316439602,
9780316439619,2026-02-15
9780316439640,2017-07-25
9780316439657,2026-02-15
9780316439664,2026-02-15
9780316439671,2026-02-15
9780316439688,2017-07-25
9780316439695,2026-02-15
9780316439701,2026-02-15
9780316439718,
9780316439770,2026-02-15
9780316439794,2026-02-15
9780316439800,2026-02-15
9780316439817,2026-02-15
9780316439824,2026-02-15
9780316439855,2026-02-15
9780316439992,2026-02-15
9780316440004,2026-02-15
9780316440011,2026-02-15
9780316441001,2026-02-15
9780316441018,2026-02-15
9780316441025,2026-02-15
9780316441032,2026-02-15
9780316441254,
9780316441681,2026-02-15
9780316441698,2026-02-15
9780316441704,2026-02-15
9780316441711,2026-02-15
9780316441728,2026-02-15
9780316441735,2026-02-15
9780316441742,2026-02-15
9780316441766,2026-02-15
9780316441773,2026-02-15
9780316441780,
9780316441803,2026-02-15
9780316441971,2026-02-15
9780316441988,2026-02-15
9780316442008,2017-09-19
9780316442077,2017-09-19
9780316442084,2018-01-30
9780316442091,2018-01-30
9780316442107,2018-05-22
9780316442114,2018-05-22
9780316442121,2018-09-18
9780316442138,2018-09-18
9780316442145,2019-01-22
9780316442152,2019-01-22
9780316442183,2019-05-21
9780316442206,2019-05-21
9780316442268,2017-09-19
9780316442299,2017-12-19
9780316442305,2018-04-24
9780316442312,2018-04-24
9780316442329,2018-08-21
9780316442336,2018-08-21
9780316442343,2018-12-18
9780316442350,2018-12-18
9780316442367,2019-04-23
9780316442374,2019-04-23
9780316442442,2017-09-19
9780316442459,2017-12-19
9780316442466,2017-12-19
9780316442473,2018-06-12
9780316442480,2018-06-12
9780316442503,2018-02-27
9780316442510,2018-02-27
9780316442527,2018-06-26
9780316442534,2018-06-26
9780316442558,2026-02-15
9780316442565,2026-02-15
9780316442572,2026-02-15
9780316442619,2026-02-15
9780316442626,2026-02-15
9780316442671,2017-11-14
9780316442688,2017-11-14
9780316442701,2018-02-27
9780316442718,2018-02-27
9780316442725,2018-05-22
9780316442732,2018-05-22
9780316442749,2018-08-21
9780316442756,2018-08-21
9780316442879,
9780316442886,2018-03-27
9780316442909,2018-07-31
9780316442916,2018-11-27
9780316442923,2017-11-21
9780316442930,2018-03-27
9780316442947,2018-07-31
9780316442954,2018-11-27
9780316443432,2026-02-15
9780316444613,2026-02-15
9780316444637,2026-02-15
9780316444668,2026-02-15
9780316444989,2019-05-21
9780316444996,2019-05-21
9780316445016,2019-10-29
9780316445023,2019-10-29
9780316446341,2026-02-15
9780316446402,2026-02-15
9780316446440,2026-02-15
9780316446501,2026-02-15
9780316446556,2026-02-15
9780316446594,2026-02-15
9780316446600,
9780316446631,2026-02-15
9780316446648,2026-02-15
9780316446655,2026-02-15
9780316446679,2026-02-15
9780316446686,2026-02-15
9780316446709,2026-02-15
9780316446730,2026-02-15
9780316446754,2026-02-15
9780316446778,2026-02-15
9780316446785,2026-02-15
9780316446792,2026-02-15
9780316446822,2026-02-15
9780316446839,2026-02-15
9780316446853,
9780316446877,2026-02-15
9780316446884,2026-02-15
9780316446907,2026-02-15
9780316446938,2026-02-15
9780316446945,2026-02-15
9780316446969,2026-02-15
9780316446983,2026-02-15
9780316446990,2026-02-15
9780316447034,2026-02-15
9780316447041,2026-02-15
9780316447058,2026-02-15
9780316447065,2026-02-15
9780316447140,2026-02-15
9780316447164,2026-02-15
9780316447171,2026-02-15
9780316447188,2026-02-15
9780316447201,2026-02-15
9780316447232,2026-02-15
9780316447249,2026-02-15
9780316447263,2026-02-15
9780316447270,2026-02-15
9780316447294,2026-02-15
9780316447300,2026-02-15
9780316447348,2026-02-15
9780316447362,
9780316447379,2026-02-15
9780316447393,2026-02-15
9780316447409,2026-02-15
9780316447430,2026-02-15
9780316447447,2026-02-15
9780316447461,2026-02-15
9780316447478,2026-02-15
9780316447492,2026-02-15
9780316447508,2026-02-15
9780316447539,2026-02-15
9780316447546,2026-02-15
9780316447560,2026-02-15
9780316447577,2026-02-15
9780316447591,2026-02-15
9780316447607,2026-02-15
9780316447614,2026-02-15
9780316447638,2026-02-15
9780316447645,2026-02-15
9780316447652,2026-02-15
9780316447669,2026-02-15
9780316447676,2026-02-15
9780316447683,2026-02-15
9780316447690,2026-02-15
9780316447713,2026-02-15
9780316447737,2026-02-15
9780316447751,2026-02-15
9780316447768,2026-02-15
9780316447782,2026-02-15
9780316447799,2026-02-15
9780316447867,2026-02-15
9780316447881,2026-02-15
9780316448161,2026-02-15
9780316448246,2017-12-19
9780316448253,2018-06-26
9780316448260,2018-06-26
9780316448277,2018-04-24
9780316448284,2018-04-24
9780316448291,2018-08-21
9780316448307,2018-08-21
9780316448314,2026-02-15
9780316448345,2026-02-15
9780316448369,2026-02-15
9780316448383,2026-02-15
9780316448406,2026-02-15
9780316448437,2026-02-15
9780316463720,2026-02-15
9780316463744,2026-02-15
9780316463751,2026-02-15
9780316463768,2026-02-15
9780316463775,2026-02-15
9780316463782,
9780316463799,2026-02-15
9780316463805,2026-02-15
9780316463928,2026-02-15
9780316463959,2026-02-15
9780316464321,
9780316464345,
9780316464352,
9780316464369,
9780316464376,
9780316464383,
9780316464390,
9780316464406,
9780316464413,
9780316464420,
9780316464444,
9780316465304,2026-02-15
9780316465816,2026-02-15
9780316465823,2026-02-15
9780316465830,2026-02-15
9780316465847,
9780316466011,2016-09-27
9780316466028,2026-02-15
9780316466035,2026-02-15
9780316466042,2026-02-15
9780316466059,2017-06-20
9780316466066,2017-09-19
9780316466073,2017-12-19
9780316466158,2026-02-15
9780316466165,2026-02-15
9780316466172,
9780316466653,2017-01-31
9780316468114,2026-02-15
9780316468145,2026-02-15
9780316468152,2026-02-15
9780316468169,2026-02-15
9780316468176,2026-02-15
9780316468183,
9780316468190,2026-02-15
9780316468206,2026-02-15
9780316468237,2026-02-15
9780316468244,2026-02-15
9780316468268,2026-02-15
9780316468282,2026-02-15
9780316468305,2026-02-15
9780316468336,2026-02-15
9780316468350,2026-02-15
9780316468374,2026-02-15
9780316468398,2026-02-15
9780316468411,2026-02-15
9780316468442,2026-02-15
9780316468459,2026-02-15
9780316468466,2026-02-15
9780316468473,2026-02-15
9780316468497,2026-02-15
9780316468510,2026-02-15
9780316468541,2026-02-15
9780316468565,2026-02-15
9780316468589,2026-02-15
9780316468596,2026-02-15
9780316468626,2026-02-15
9780316468701,2017-04-18
9780316468718,2017-04-18
9780316468725,2017-02-21
9780316468732,2017-08-22
9780316468756,2017-08-22
9780316468763,2017-12-19
9780316468770,2017-12-19
9780316468787,2018-04-24
9780316468794,2018-04-24
9780316468800,2018-08-21
9780316468817,2018-08-21
9780316468824,2018-12-11
9780316468831,2018-12-11
9780316468855,2019-04-23
9780316468862,2019-04-23
9780316469210,2026-02-15
9780316469227,2026-02-15
9780316469241,2026-02-15
9780316469272,2026-02-15
9780316469289,2026-02-15
9780316469302,2026-02-15
9780316469319,2026-02-15
9780316469326,2026-02-15
9780316469364,2017-04-18
9780316469920,2016-11-15
9780316470384,2026-02-15
9780316470407,2026-02-15
9780316470445,2026-02-15
9780316470483,2026-02-15
9780316470506,2026-02-15
9780316470513,2026-02-15
9780316470520,2026-02-15
9780316470537,2026-02-15
9780316470544,2026-02-15
9780316470551,2026-02-15
9780316470575,2026-02-15
9780316470582,
9780316470599,2026-02-15
9780316470605,2026-02-15
9780316470612,2026-02-15
9780316470629,2026-02-15
9780316470636,2026-02-15
9780316470643,2026-02-15
9780316470650,2026-02-15
9780316470674,2026-02-15
9780316470681,2026-02-15
9780316470698,2026-02-15
9780316470704,2026-02-15
9780316470735,
9780316470742,2026-02-15
9780316470759,2026-02-15
9780316470766,2026-02-15
9780316470780,2026-02-15
9780316470797,2026-02-15
9780316470803,2026-02-15
9780316470810,2026-02-15
9780316470827,2026-02-15
9780316470834,2026-02-15
9780316470841,2026-02-15
9780316470858,2026-02-15
9780316470865,2026-02-15
9780316470889,2026-02-15
9780316470896,2026-02-15
9780316470902,2026-02-15
9780316470919,2026-02-15
9780316470926,2026-02-15
9780316470933,2026-02-15
9780316470940,2026-02-15
9780316470957,2017-06-27
9780316470971,2017-10-31
9780316471053,2018-02-27
9780316471060,2026-02-15
9780316471077,
9780316471084,2026-02-15
9780316471091,2026-02-15
9780316471107,2026-02-15
9780316471114,2026-02-15
9780316471121,2026-02-15
9780316471138,2026-02-15
9780316471169,2026-02-15
9780316471176,2026-02-15
9780316471183,2026-02-15
9780316471190,2026-02-15
9780316471206,2026-02-15
9780316471213,2026-02-15
9780316471220,2026-02-15
9780316471237,2026-02-15
9780316471244,2026-02-15
9780316471275,2026-02-15
9780316471282,2026-02-15
9780316471299,2026-02-15
9780316471305,2026-02-15
9780316471312,2026-02-15
9780316471329,2026-02-15
9780316471336,2026-02-15
9780316471343,2019-10-29
9780316471350,2018-10-30
9780316471374,2019-04-02
9780316471381,2019-10-29
9780316471633,2026-02-15
9780316471640,2026-02-15
9780316471657,2026-02-15
9780316471671,2017-06-20
9780316471688,2026-02-15
9780316471718,2026-02-15
9780316471725,2026-02-15
9780316471848,2026-02-15
9780316471855,2026-02-15
9780316471862,2017-05-23
9780316471923,2026-02-15
9780316471930,2017-06-20
9780316472340,2026-02-15
9780316472357,2026-02-15
9780316472364,2026-02-15
9780316472371,2026-02-15
9780316472418,2026-02-15
9780316472623,2017-04-18
9780316473019,2026-02-15
9780316473057,2026-02-15
9780316473064,2026-02-15
9780316473088,2026-02-15
9780316473095,2017-05-23
9780316473118,2017-11-21
9780316473132,2017-11-21
9780316473156,
9780316473170,2026-02-15
9780316473187,2026-02-15
9780316473194,2026-02-15
9780316473200,2026-02-15
9780316473217,
9780316473231,2026-02-15
9780316473248,2026-02-15
9780316473255,2026-02-15
9780316473262,2026-02-15
9780316473279,2026-02-15
9780316473293,2026-02-15
9780316473309,2026-02-15
9780316473316,2026-02-15
9780316473323,2026-02-15
9780316473347,2026-02-15
9780316473354,2026-02-15
9780316473361,2026-02-15
9780316473378,2026-02-15
9780316473385,2026-02-15
9780316473408,2026-02-15
9780316473415,2026-02-15
9780316473453,2017-11-28
9780316473477,2017-11-28
9780316473903,2026-02-15
9780316473910,2017-08-22
9780316473927,2026-02-15
9780316474160,2026-02-15
9780316474177,2017-08-22
9780316474184,2017-12-19
9780316474191,2017-12-19
9780316474207,2018-04-24
9780316474221,2018-04-24
9780316474238,2018-08-21
9780316474245,2018-08-21
9780316474252,2018-12-11
9780316474269,2018-12-11
9780316474283,2017-07-25
9780316474290,2017-11-14
9780316474306,2017-11-14
9780316474313,2018-03-27
9780316474337,2018-03-27
9780316474344,2018-07-17
9780316474351,2018-07-17
9780316474368,2018-11-27
9780316474375,2018-11-27
9780316474382,2019-03-26
9780316474399,2019-03-26
9780316474467,2026-02-15
9780316474474,2026-02-15
9780316474481,2026-02-15
9780316474498,2026-02-15
9780316474504,2026-02-15
9780316474511,2026-02-15
9780316474535,2026-02-15
9780316474542,2018-11-13
9780316474559,2018-11-13
9780316474566,2019-02-19
9780316474573,2019-02-19
9780316474580,2017-06-20
9780316474597,2017-06-20
9780316474603,2017-07-18
9780316474610,2017-07-18
9780316474634,2026-02-15
9780316474641,
9780316474665,
9780316474696,2026-02-15
9780316474702,2026-02-15
9780316474733,2026-02-15
9780316474764,2026-02-15
9780316474795,2026-02-15
9780316474818,2026-02-15
9780316474832,2026-02-15
9780316476379,2026-02-15
9780316476416,2026-02-15
9780316476423,2026-02-15
9780316476751,2026-02-15
9780316476928,
9780316476966,
9780316476997,
9780316477055,
9780316477079,
9780316477086,
9780316477093,
9780316477109,
9780316477116,
9780316477123,
9780316477130,
9780316477154,
9780316477161,
9780316479035,
9780316479073,2017-11-21
9780316479097,2018-03-27
9780316479103,2018-03-27
9780316479110,2018-04-24
9780316479127,2018-04-24
9780316479134,2018-08-28
9780316479141,2018-08-28
9780316479158,2018-12-18
9780316479165,2018-12-18
9780316479172,2026-02-15
9780316480031,2026-02-15
9780316480048,2026-02-15
9780316480062,2026-02-15
9780316480079,2026-02-15
9780316480086,2026-02-15
9780316480109,2026-02-15
9780316480116,2026-02-15
9780316480130,2026-02-15
9780316480611,2026-02-15
9780316480628,2026-02-15
9780316480963,2026-02-15
9780316480970,2026-02-15
9780316480987,2026-02-15
9780316480994,2026-02-15
9780316481007,2026-02-15
9780316481038,
9780316481052,2026-02-15
9780316481069,2026-02-15
9780316481083,2026-02-15
9780316481090,2026-02-15
9780316501415,2017-04-18
9780316501460,2026-02-15
9780316501590,2016-12-20
9780316501620,2026-02-15
9780316501644,2026-02-15
9780316501682,2026-02-15
9780316501767,2026-02-15
9780316502641,2026-02-15
9780316502658,2026-02-15
9780316502665,2019-04-02
9780316502696,2026-02-15
9780316502702,2017-03-21
9780316502719,2026-02-15
9780316502726,2026-02-15
9780316502764,2026-02-15
9780316502771,2026-02-15
9780316502795,2026-02-15
9780316502801,2026-02-15
9780316502818,2026-02-15
9780316502825,2026-02-15
9780316502832,2026-02-15
9780316502849,2026-02-15
9780316502856,2026-02-15
9780316502863,2026-02-15
9780316502870,2026-02-15
9780316502894,2026-02-15
9780316503976,2026-02-15
9780316503990,2026-02-15
9780316504027,2026-02-15
9780316504591,2026-02-15
9780316504607,2026-02-15
9780316504614,2026-02-15
9780316504621,2026-02-15
9780316504638,2017-01-31
9780316505970,2026-02-15
9780316506243,2026-02-15
9780316506489,2026-02-15
9780316506496,2026-02-15
9780316506502,2026-02-15
9780316506519,2026-02-15
9780316506694,2026-02-15
9780316506700,2026-02-15
9780316506762,2026-02-15
9780316506786,
9780316506793,2026-02-15
9780316507974,2017-05-23
9780316508605,2026-02-15
9780316508612,2026-02-15
9780316508698,2026-02-15
9780316508704,2026-02-15
9780316508711,2026-02-15
9780316508728,2026-02-15
9780316509985,2026-02-15
9780316510110,2026-02-15
9780316510240,2026-02-15
9780316510646,2017-09-19
9780316510721,
9780316510738,
9780316510745,2026-02-15
9780316510967,
9780316511209,2026-02-15
9780316511216,2026-02-15
9780316511230,2026-02-15
9780316511247,2026-02-15
9780316511810,2026-02-15
9780316511841,2026-02-15
9780316511896,2026-02-15
9780316511902,2026-02-15
9780316511919,2026-02-15
9780316511940,2026-02-15
9780316511957,2026-02-15
9780316511964,2026-02-15
9780316511971,2026-02-15
9780316512008,2026-02-15
9780316512015,
9780316512039,2026-02-15
9780316512084,2026-02-15
9780316512091,2026-02-15
9780316512435,2017-07-25
9780316512442,2017-12-19
9780316512459,2017-12-19
9780316512466,2018-03-27
9780316512473,2018-03-27
9780316512480,2018-07-31
9780316516266,2026-02-15
9780316516280,2026-02-15
9780316516327,2026-02-15
9780316516341,2026-02-15
9780316516419,2026-02-15
9780316516457,2026-02-15
9780316516464,2026-02-15
9780316516525,2026-02-15
9780316516624,2026-02-15
9780316516648,2026-02-15
9780316516792,2026-02-15
9780316516853,2026-02-15
9780316516884,2026-02-15
9780316516907,2026-02-15
9780316517034,2026-02-15
9780316517058,2026-02-15
9780316517089,2026-02-15
9780316517102,
9780316517126,2026-02-15
9780316517140,2026-02-15
9780316517171,2026-02-15
9780316517195,2026-02-15
9780316517638,
9780316517676,2026-02-15
9780316517683,2026-02-15
9780316517706,2026-02-15
9780316517720,2026-02-15
9780316517737,2026-02-15
9780316517751,2026-02-15
9780316517768,2026-02-15
9780316517782,2026-02-15
9780316517805,2026-02-15
9780316517829,2026-02-15
9780316517836,2026-02-15
9780316517850,2026-02-15
9780316517867,2026-02-15
9780316518345,
9780316520034,2026-02-15
9780316520560,2026-02-15
9780316520584,2026-02-15
9780316520591,2026-02-15
9780316520614,2026-02-15
9780316520621,2026-02-15
9780316520652,2026-02-15
9780316520669,2026-02-15
9780316520683,2026-02-15
9780316520782,2026-02-15
9780316520799,2026-02-15
9780316520843,2026-02-15
9780316520898,2026-02-15
9780316520911,2026-02-15
9780316520928,2026-02-15
9780316520959,2026-02-15
9780316520973,2026-02-15
9780316520997,2026-02-15
9780316521017,2026-02-15
9780316543590,2026-02-15
9780316543736,2026-02-15
9780316545211,2026-02-15
9780316545266,2026-02-15
9780316545280,2016-09-27
9780316545365,2026-02-15
9780316545372,2026-02-15
9780316545426,2016-10-25
9780316545440,2026-02-15
9780316545457,
9780316545464,2026-02-15
9780316547741,2026-02-15
9780316547789,2026-02-15
9780316547802,2026-02-15
9780316552554,2026-02-15
9780316552578,2026-02-15
9780316552585,2026-02-15
9780316552653,2026-02-15
9780316552660,2026-02-15
9780316552677,2026-02-15
9780316552684,2026-02-15
9780316552707,2026-02-15
9780316552714,2026-02-15
9780316552721,2016-11-22
9780316552738,2026-02-15
9780316552813,
9780316553094,2026-02-15
9780316553100,2026-02-15
9780316553117,2026-02-15
9780316553124,
9780316553131,2026-02-15
9780316553148,2026-02-15
9780316553155,2026-02-15
9780316553223,2017-04-18
9780316553230,2017-08-22
9780316553247,2016-12-20
9780316553254,2017-04-18
9780316553261,2017-08-22
9780316553315,2026-02-15
9780316553339,2026-02-15
9780316553346,2026-02-15
9780316553353,2026-02-15
9780316553377,2017-02-21
9780316553384,2026-02-15
9780316553445,2026-02-15
9780316554701,2026-02-15
9780316556088,2017-09-19
9780316556095,2018-01-30
9780316556101,2018-05-22
9780316556125,2018-09-18
9780316556132,2017-01-31
9780316556149,2017-05-23
9780316556156,2017-09-19
9780316556163,2018-01-30
9780316556170,2018-05-22
9780316556187,2018-09-18
9780316556194,2017-08-22
9780316556200,2017-12-19
9780316556224,2018-04-24
9780316556231,2018-08-21
9780316556248,2018-12-11
9780316556842,2026-02-15
9780316558570,2017-06-20
9780316558594,2017-06-20
9780316558600,2026-02-15
9780316558617,2026-02-15
9780316558631,2026-02-15
9780316558655,2026-02-15
9780316558662,2017-09-19
9780316558990,2017-01-31
9780316559027,2017-01-31
9780316559034,2017-02-21
9780316559041,2017-02-21
9780316559058,2017-02-21
9780316559065,2017-03-21
9780316559072,2017-03-21
9780316559096,2017-03-21
9780316559102,2017-03-21
9780316559119,2017-04-25
9780316559133,2017-04-25
9780316559140,2017-04-25
9780316559157,2017-04-25
9780316559164,2017-05-23
9780316559171,2017-05-23
9780316559188,2017-05-23
9780316559195,2017-06-20
9780316559560,2026-02-15
9780316559577,
9780316559584,
9780316559607,2017-06-20
9780316559614,2017-03-21
9780316559621,2017-04-18
9780316559645,2026-02-15
9780316559652,2026-02-15
9780316559669,2026-02-15
9780316559676,2026-02-15
9780316559683,2026-02-15
9780316559706,2026-02-15
9780316559713,2026-02-15
9780316559737,2026-02-15
9780316559744,2026-02-15
9780316559751,2026-02-15
9780316559782,2026-02-15
9780316559799,2026-02-15
9780316559805,2017-06-20
9780316559829,2026-02-15
9780316559836,2026-02-15
9780316559850,
9780316559867,2026-02-15
9780316559881,2026-02-15
9780316559898,2026-02-15
9780316559904,2026-02-15
9780316559911,2017-11-14
9780316559928,2026-02-15
9780316559959,2026-02-15
9780316559966,2018-03-27
9780316559973,2026-02-15
9780316559980,2026-02-15
9780316559997,2018-07-17
9780316560023,2026-02-15
9780316560047,2026-02-15
9780316560054,2026-02-15
9780316560085,2018-11-13
9780316560092,2026-02-15
9780316560108,2019-03-19
9780316560115,2026-02-15
9780316560122,2017-06-20
9780316560139,2017-11-14
9780316560146,2018-07-17
9780316560153,2018-11-13
9780316560160,2019-03-19
9780316560184,2018-03-27
9780316560191,2026-02-15
9780316560207,2026-02-15
9780316560573,2018-07-31
9780316560627,2018-11-27
9780316560658,2018-11-27
9780316560696,2019-03-26
9780316560702,2019-03-26
9780316560719,2019-08-06
9780316560733,2019-08-06
9780316560740,2020-06-23
9780316560757,2020-06-23
9780316560856,2017-05-30
9780316560863,2017-05-30
9780316560870,2017-05-30
9780316560887,2017-05-30
9780316560900,2017-06-27
9780316560917,2017-06-27
9780316560931,2017-06-27
9780316560979,2017-07-25
9780316560993,2017-07-25
9780316561013,2017-07-25
9780316561037,2017-08-22
9780316561044,2017-12-19
9780316561051,2018-04-24
9780316561068,2018-08-21
9780316561075,2018-12-18
9780316561105,2017-10-31
9780316561112,2018-02-27
9780316561136,2018-07-03
9780316561143,2018-10-30
9780316561167,2018-10-30
9780316561174,2019-02-19
9780316561198,2019-06-18
9780316561204,2019-06-18
9780316561211,2019-11-05
9780316561228,2019-11-05
9780316561235,2017-10-31
9780316561259,2018-02-27
9780316561266,2018-07-03
9780316561273,2019-02-19
9780316561280,2026-02-15
9780316561297,2026-02-15
9780316561303,2026-02-15
9780316561310,2026-02-15
9780316561327,2026-02-15
9780316561334,2026-02-15
9780316562539,2026-02-15
9780316562546,2026-02-15
9780316562553,2026-02-15
9780316562621,2026-02-15
9780316562638,2026-02-15
9780316562645,2017-09-19
9780316562652,2017-09-19
9780316562843,2026-02-15
9780316562898,2026-02-15
9780316562980,2026-02-15
9780759523418,2026-02-16
9780759523494,2026-02-16
9780759523517,2026-02-16
9780759523531,2026-02-16
9780759523562,2026-02-16
9780759524071,2026-02-16
9780759526372,2026-02-16
9780759528345,2026-02-16
9780759528352,2026-02-16
9780759528369,2026-02-16
9780759528376,2026-02-16
9780759528383,2026-02-16
9780759528390,2026-02-16
9780759528406,2026-02-16
9780759528413,2026-02-16
9780759528420,2026-02-16
9780759528437,2026-02-16
9780759528444,2026-02-16
9780759528451,2026-02-16
9780759528468,2026-02-16
9780759528475,2026-02-16
9780759528505,2026-02-16
9780759528536,2026-02-16
9780759528567,2026-02-16
9780759528574,
9780759528581,2026-02-16
9780759528598,2026-02-16
9780759528604,2026-02-16
9780759528611,
9780759528710,2026-02-16
9780759528727,2026-02-16
9780759528734,2026-02-16
9780759528970,2026-02-16
9780759528994,2026-02-16
9780759529007,2026-02-16
9780759529014,2026-02-16
9780759529021,2026-02-16
9780759529038,2026-02-16
9780759529052,2026-02-16
9780759529106,
9780759529137,2026-02-16
9780759529144,2026-02-16
9780759529151,2026-02-16
9780759529168,2026-02-16
9780759529175,2026-02-16
9780759529182,2026-02-16
9780759529199,2026-02-16
9780759529205,2026-02-16
9780759529212,2026-02-16
9780759529229,2026-02-16
9780759529236,2026-02-16
9780759529243,2026-02-16
9780759529250,2026-02-16
9780759529298,2009-07-14
9780759529304,2010-03-23
9780759529311,2010-09-28
9780759529328,2011-04-26
9780759529335,2011-09-20
9780759529342,2012-04-03
9780759529359,2012-09-04
9780759529366,2013-04-23
9780759529373,2013-09-24
9780759529489,2026-02-16
9780759529533,2026-02-16
9780759529540,2026-02-16
9780759529557,2026-02-16
9780759529564,2026-02-16
9780759529571,2026-02-16
9780759529588,2026-02-16
9780759529595,2026-02-16
9780759529601,2026-02-16
9780759529618,2026-02-16
9780759529625,2026-02-16
9780759529632,
9780759529649,2026-02-16
9780759529656,2026-02-16
9780759529663,2026-02-16
9780759529816,2026-02-16
9780759529823,2026-02-16
9780759529830,2026-02-16
9780759529847,2026-02-16
9780759529854,2026-02-16
9780759529861,2026-02-16
9780759529878,2026-02-16
9780759529885,2026-02-16
9780759529946,2026-02-16
9780759529953,2026-02-16
9780759529960,2026-02-16
9780759529977,2026-02-16
9780759529984,2026-02-16
9780759529991,2026-02-16
9780759530003,2026-02-16
9780759530010,2026-02-16
9780759530034,2026-02-16
9780759530041,2026-02-16
9780759530058,2026-02-16
9780759530294,2026-02-16
9780759530348,2026-02-16
9780759530362,2026-02-16
9780759530454,2026-02-16
9780759530461,2026-02-16
9780759530478,2026-02-16
9780759530485,2026-02-16
9780759530492,2026-02-16
9780759530508,2026-02-16
9780759530515,2026-02-16
9780759530522,2026-02-16
9780759530539,2026-02-16
9780759530546,2026-02-16
9780759530553,2026-02-16
9780759530560,2026-02-16
9780759530577,2026-02-16
9780759530584,2026-02-16
9780759530591,2026-02-16
9780759530607,2026-02-16
9780759530614,2026-02-16
9780759530621,2026-02-16
9780759530638,
9780759530645,2026-02-16
9780759530652,2026-02-16
9780759530690,2026-02-16
9780759530706,2026-02-16
9780759530713,
9780759530720,2026-02-16
9780759530737,2026-02-16
9780759530867,2026-02-16
9780759530874,2026-02-16
9780759530898,
9780759530911,2026-02-16
9780759530935,2026-02-16
9780759530942,2026-02-16
9780759530959,2026-02-16
9780759530973,
9780759530980,2026-02-16
9780759530997,
9780759531048,2009-12-15
9780759531062,2010-06-15
9780759531079,2010-12-21
9780759531086,2011-06-28
9780759531109,2011-12-13
9780759531116,2012-06-26
9780759531123,2026-02-16
9780759531147,2026-02-16
9780759531154,2026-02-16
9780759531161,2026-02-16
9780759531178,
9780759531192,2026-02-16
9780759531208,2026-02-16
9780759531215,2026-02-16
9780759531222,2026-02-16
9780759531239,2026-02-16
9780759531277,2026-02-16
9780759531284,2026-02-16
9780759531338,2026-02-16
9780759531475,2026-02-16
9780759531512,2026-02-16
9780759531529,2026-02-16
9780759531536,2026-02-16
9780759531543,2026-02-16
9780759531550,2026-02-16
9780759531567,2026-02-16
9780759531574,
9780759531581,2026-02-16
9780759531598,2026-02-16
9780759531604,2026-02-16
9780759531611,2026-02-16
9780759531666,2026-02-16
9780759531673,2026-02-16
9780759531710,2010-09-28
9780759531727,2011-03-29
9780759531734,2026-02-16
9780759531741,
9780759531758,2026-02-16
9780759531765,2026-02-16
9780759531772,2026-02-16
9780759531789,2026-02-16
9780759531796,2026-02-16
9780759531802,2026-02-16
9780759531819,2026-02-16
9780759531826,2026-02-16
9780759531833,2026-02-16
9780759531871,2026-02-16
9781718305069,2024-03-12
9781718305090,2026-05-11
9781718308305,2021-11-23
9781718308312,2021-11-23
9781718308329,2021-11-23
9781718308336,2021-11-23
9781718308343,2021-11-23
9781718308350,2021-11-23
9781718308367,2021-11-23
9781718308374,2021-11-23
9781718308381,2021-11-23
9781718308398,2021-11-23
9781718308404,2022-03-15
9781718308411,2025-06-10
9781718308428,2025-12-09
9781718308435,2026-06-09
9781718316089,2026-04-27
9781718319950,2021-10-26
9781718319967,2022-02-01
9781718319974,2022-04-19
9781718319981,2022-07-19
9781718319998,2022-10-04
9781718320444,2023-01-17
9781718320901,2026-04-27
9781718320925,2026-05-11
9781718320949,2026-05-11
9781718320963,2026-04-27
9781718320987,2026-05-11
9781718323902,2022-04-19
9781718323919,2022-05-24
9781718323926,2022-05-24
9781718323933,2022-06-07
9781718323940,2022-08-16
9781718326804,2021-12-07
9781718326811,2022-02-01
9781718326828,2022-03-29
9781718326835,2022-05-24
9781718326842,2022-08-16
9781718326859,2023-01-17
9781718326866,2023-04-18
9781718326873,2023-08-08
9781718326880,2024-06-11
9781718326897,2024-12-10
9781718328808,2021-03-02
9781718328815,2021-07-06
9781718328822,2021-10-19
9781718328839,2022-02-15
9781718328846,2022-04-19
9781718328853,2022-07-19
9781718328860,2022-10-04
9781718328877,2023-01-17
9781718328884,2023-04-18
9781718328891,2023-10-10
9781718328907,2024-08-13
9781718328921,2026-05-11
9781718332508,2025-08-26
9781718332515,2025-10-14
9781718332522,2025-12-09
9781718332539,2026-02-10
9781718332546,2026-04-13
9781718332553,2026-06-09
9781718332706,2025-08-26
9781718332713,2025-10-14
9781718332720,2025-11-11
9781718332737,2026-01-13
9781718332744,2026-03-10
9781718332751,2026-05-11
9781718332768,2026-07-14
9781718337404,2026-02-14
9781718337411,2026-02-14
9781718337428,2026-02-14
9781718337435,2026-02-14
9781718337817,2026-02-14
9781718337824,2026-02-14
9781718337831,
9781718337848,2026-02-14
9781718337855,2026-02-14
9781718337862,2026-02-14
9781718339309,2026-02-14
9781718339316,2026-02-14
9781718339323,2026-02-14
9781718339330,2026-02-14
9781718339347,2026-02-14
9781718339354,2026-02-14
9781718339361,2026-02-14
9781718339378,2026-02-14
9781718339385,2026-02-14
9781718339392,2026-02-14
9781718339408,2026-02-14
9781718341012,2026-02-15
9781718341036,2026-02-15
9781718341050,2026-02-15
9781718341074,2026-02-15
9781718341098,2026-02-14
9781718341111,2026-02-14
9781718341807,2025-09-09
9781718341814,2025-11-11
9781718341821,2026-01-13
9781718341838,2026-03-10
9781718341845,2026-05-11
9781718341852,2026-07-14
9781718345096,2025-12-09
9781718345119,2026-01-13
9781718345133,2026-02-10
9781718345157,2026-03-10
9781718345171,2026-04-13
9781718345195,2026-05-11
9781718345218,2026-06-09
9781718345232,2026-07-14
9781718350007,2019-02-05
9781718350014,2019-02-05
9781718350021,2019-04-02
9781718350038,2019-06-04
9781718350045,2019-08-06
9781718350052,2019-10-01
9781718350069,2019-12-03
9781718350076,2020-02-04
9781718350083,2020-04-07
9781718350090,2020-06-02
9781718350106,2020-08-04
9781718350113,2020-10-06
9781718350120,2020-12-01
9781718350137,2021-02-02
9781718350144,2021-04-06
9781718350151,2021-06-01
9781718350168,2021-08-17
9781718350175,2021-10-19
9781718350182,2022-01-11
9781718350199,2022-03-15
9781718350205,2022-04-19
9781718350212,2022-06-07
9781718350229,2022-08-16
9781718350236,2022-10-04
9781718350243,2023-01-17
9781718350250,2023-06-13
9781718350267,2024-01-09
9781718350274,2024-09-10
9781718350298,2025-10-14
9781718350502,2020-02-04
9781718350519,2021-01-05
9781718350526,2022-02-15
9781718350533,2022-07-19
9781718350540,2026-02-15
9781718350557,2026-02-15
9781718350564,2026-02-15
9781718350588,2026-02-14
9781718350595,2026-02-14
9781718350700,2020-03-03
9781718350717,2021-02-02
9781718350724,2022-03-15
9781718350809,2023-07-11
9781718350816,2024-07-09
9781718351004,2019-07-09
9781718351103,2019-07-09
9781718351110,2020-05-05
9781718352001,2019-02-05
9781718352018,2019-02-05
9781718352025,2019-04-02
9781718352032,2019-06-04
9781718352049,2019-08-06
9781718352056,2019-10-01
9781718352063,2019-12-03
9781718352070,2020-02-04
9781718352087,2020-04-07
9781718352094,2020-06-02
9781718352100,2020-08-04
9781718352117,2020-10-06
9781718352124,2021-07-20
9781718352131,2022-05-24
9781718353008,2019-04-02
9781718353015,2019-04-02
9781718353022,2019-06-04
9781718353039,2019-08-06
9781718353046,2019-10-01
9781718353053,2019-12-03
9781718353060,2020-02-04
9781718353077,2020-04-07
9781718353084,2020-07-07
9781718353800,2020-11-03
9781718353817,2021-02-02
9781718353824,2021-04-06
9781718353831,2021-06-01
9781718353848,2021-08-17
9781718353855,2021-10-26
9781718353862,2022-02-15
9781718353879,2022-04-19
9781718353886,2022-06-07
9781718353893,2022-10-04
9781718353909,2022-12-13
9781718353916,2024-03-12
9781718353923,2024-08-13
9781718353947,2025-12-09
9781718353954,2026-04-13
9781718354005,2019-04-02
9781718354012,2019-04-02
9781718354029,2019-06-04
9781718354036,2019-08-06
9781718354043,2019-10-01
9781718354050,2019-12-03
9781718354067,2020-02-04
9781718354074,2020-04-07
9781718354081,2020-11-03
9781718354098,2025-09-09
9781718355002,2019-09-03
9781718355019,2019-09-03
9781718355026,2019-11-05
9781718355033,2020-01-07
9781718355040,2020-03-03
9781718355057,2020-05-05
9781718355064,2020-07-07
9781718355071,2020-09-01
9781718355088,2020-11-03
9781718355095,2021-01-05
9781718355101,2021-03-02
9781718355118,2021-05-04
9781718355125,2021-07-20
9781718355132,2021-12-07
9781718355149,2022-05-24
9781718355156,2022-08-02
9781718355163,2023-02-14
9781718355170,2023-08-08
9781718355187,2023-12-12
9781718355194,2024-10-08
9781718355217,2026-05-11
9781718355804,2026-02-15
9781718355811,2026-02-15
9781718355828,2026-02-15
9781718355835,2026-02-15
9781718355842,2026-02-15
9781718355859,2026-02-14
9781718356009,2019-09-03
9781718356016,2019-11-05
9781718356023,2020-01-07
9781718356030,2020-04-07
9781718356047,2020-06-02
9781718356054,2020-10-06
9781718356061,2021-02-02
9781718356078,2021-04-06
9781718356085,2021-08-17
9781718356092,2021-12-07
9781718356108,2022-03-15
9781718356115,2022-05-24
9781718356122,2022-07-19
9781718356139,2022-09-06
9781718356146,2022-11-01
9781718356153,2023-01-17
9781718356160,2023-03-14
9781718356177,2023-05-16
9781718356184,2023-07-11
9781718356191,2023-09-12
9781718356207,2023-11-14
9781718356214,2023-06-13
9781718356221,2024-01-09
9781718356238,2024-03-12
9781718356245,2024-05-14
9781718356252,2024-07-09
9781718356269,2024-09-10
9781718356276,2024-11-12
9781718356290,2025-03-11
9781718356320,2025-08-26
9781718356337,2025-09-09
9781718356368,2024-06-11
9781718356375,2025-12-09
9781718357006,2019-11-05
9781718357013,2019-12-03
9781718357020,2020-01-07
9781718357037,2020-03-03
9781718357044,2020-05-05
9781718357051,2020-07-07
9781718357068,2020-09-01
9781718357075,2020-11-03
9781718357082,2021-01-05
9781718357099,2021-03-02
9781718357105,2021-07-20
9781718357112,2022-05-24
9781718357129,2022-11-01
9781718357136,2023-05-16
9781718357143,2023-11-14
9781718357150,2024-04-09
9781718357174,2025-09-09
9781718357181,2026-03-10
9781718357402,2021-08-17
9781718357419,2021-10-26
9781718357426,2022-01-11
9781718357433,2022-03-15
9781718357440,2022-04-19
9781718357457,2022-06-07
9781718357464,2022-08-16
9781718357471,2022-10-04
9781718357488,2023-02-14
9781718357495,2023-10-10
9781718357501,2024-04-09
9781718357518,2024-10-08
9781718357525,2025-06-10
9781718358003,2026-02-15
9781718358010,2026-02-15
9781718358027,2026-02-15
9781718358034,2026-02-15
9781718358041,2026-02-15
9781718359000,2026-02-15
9781718359017,2026-02-15
9781718359024,2026-02-15
9781718359031,2026-02-15
9781718359048,2026-02-15
9781718359055,2026-02-15
9781718359062,2026-02-15
9781718359079,2026-02-15
9781718359086,2026-02-15
9781718359093,2026-02-15
9781718359109,2026-02-15
9781718359116,2026-02-15
9781718359123,2026-02-15
9781718359130,2026-02-15
9781718359147,2026-02-15
9781718359154,2026-02-14
9781718359161,2021-10-26
9781718359178,2022-02-15
9781718359185,2022-04-19
9781718359192,2022-08-16
9781718359307,2026-02-15
9781718359314,2026-02-15
9781718359321,2026-02-15
9781718359338,2026-02-15
9781718359345,2026-02-14
9781718360303,2025-09-09
9781718360310,2025-11-11
9781718360327,2026-01-13
9781718360334,2026-03-10
9781718360341,2026-07-14
9781718360389,2026-02-14
9781718360396,2026-02-14
9781718360402,2026-02-14
9781718360419,
9781718360426,
9781718360433,2026-02-14
9781718360785,2020-12-01
9781718360792,2021-08-17
9781718360808,2022-06-07
9781718360815,2024-07-09
9781718366404,2020-06-02
9781718366411,2020-09-01
9781718366428,2021-12-07
9781718366602,2020-05-05
9781718366619,2020-07-07
9781718366626,2020-09-01
9781718366633,2020-11-03
9781718366640,2021-01-05
9781718366657,2021-03-02
9781718366664,2021-05-04
9781718366671,2021-07-20
9781718366688,2022-03-15
9781718366695,2022-06-07
9781718366701,2022-09-06
9781718366718,2024-12-10
9781718366725,2025-11-11
9781718366732,2026-05-11
9781718371903,2020-08-04
9781718371910,2020-10-06
9781718371927,2020-12-01
9781718371934,2021-03-02
9781718371941,2021-05-04
9781718371958,2021-10-26
9781718371965,2022-04-19
9781718371972,2023-11-14
9781718371996,2026-01-13
9781718372009,2026-07-14
9781718372504,2026-02-15
9781718372511,2026-02-15
9781718372528,2026-02-15
9781718372535,2026-02-15
9781718372542,2026-02-15
9781718372559,2026-02-15
9781718372566,2026-02-15
9781718372573,2026-02-15
9781718372580,2026-02-15
9781718372597,2026-02-15
9781718372603,2026-02-15
9781718372610,2026-02-15
9781718372627,2026-02-15
9781718372634,2026-02-15
9781718372641,2026-02-14
9781718372658,
9781718372696,2026-02-14
9781718372702,2026-02-14
9781718372719,2026-02-14
9781718372726,2026-02-14
9781718373105,2026-02-14
9781718373112,2026-02-14
9781718373129,2026-02-14
9781718373136,
9781718374409,2021-09-21
9781718374416,2021-12-07
9781718374423,2022-02-01
9781718374430,2022-03-29
9781718374447,2022-05-24
9781718374454,2022-07-19
9781718374461,2022-12-13
9781718374478,2023-03-14
9781718374485,2023-09-12
9781718374492,2024-06-11
9781718374522,2025-08-26
9781718374539,2025-11-11
9781718374546,2026-04-13
9781718375109,2021-07-20
9781718375116,2022-04-19
9781718375123,2022-12-06
9781718375130,2023-09-12
9781975300067,2018-04-10
9781975300074,2018-03-27
9781975300081,2026-02-15
9781975300098,2026-02-15
9781975300104,2026-02-15
9781975300128,2018-03-27
9781975300142,2026-02-15
9781975300159,2026-02-15
9781975300173,2026-02-15
9781975300180,2026-02-15
9781975300203,2026-02-15
9781975300210,2026-02-15
9781975300234,2026-02-15
9781975300241,2026-02-15
9781975300265,2026-02-15
9781975300272,2026-02-15
9781975300302,2026-02-15
9781975300319,2026-02-15
9781975300326,2026-02-15
9781975300333,2026-02-15
9781975300357,
9781975300364,2026-02-15
9781975300388,
9781975300395,2026-02-15
9781975300418,2026-02-15
9781975300425,2026-02-15
9781975300449,2026-02-15
9781975300456,2026-02-15
9781975300470,2026-02-15
9781975300487,2026-02-15
9781975300494,2026-02-15
9781975300517,2026-02-15
9781975300524,2026-02-15
9781975300548,2026-02-15
9781975300555,2026-02-15
9781975300579,
9781975300593,2026-02-15
9781975300616,2026-02-15
9781975300623,2026-02-15
9781975300630,2026-02-15
9781975300654,2026-02-15
9781975300661,2026-02-15
9781975300753,2017-11-28
9781975300760,2017-11-28
9781975300777,2017-10-31
9781975300784,2017-10-31
9781975300791,2017-11-28
9781975300807,2017-11-28
9781975300814,2017-12-19
9781975300821,2017-12-19
9781975300838,2017-10-31
9781975300845,2017-10-31
9781975300852,2017-10-31
9781975300869,2017-10-31
9781975300876,2017-11-28
9781975300883,2017-11-28
9781975300890,2017-11-28
9781975300906,2017-12-19
9781975300913,2017-12-19
9781975300920,2017-12-19
9781975300937,2017-12-19
9781975300944,2017-12-19
9781975300951,2018-02-27
9781975300968,2018-02-27
9781975300975,2018-03-27
9781975300982,2018-03-27
9781975300999,2018-03-27
9781975301002,2018-03-27
9781975301040,2017-11-28
9781975301057,2017-11-28
9781975301064,2018-01-30
9781975301071,2018-01-30
9781975301101,2017-12-19
9781975301118,2018-04-24
9781975301125,2018-04-24
9781975301132,2018-08-21
9781975301149,2018-12-11
9781975301156,2018-12-11
9781975301163,2019-04-23
9781975301170,2019-04-23
9781975301187,2019-08-20
9781975301194,2019-08-20
9781975301200,2019-12-24
9781975301217,2019-12-24
9781975301224,2018-08-21
9781975301262,2026-02-15
9781975301286,
9781975301323,2026-02-15
9781975301552,2019-01-22
9781975301569,2019-01-22
9781975301576,2019-05-21
9781975301583,2019-05-21
9781975301590,2019-09-24
9781975301606,2019-09-24
9781975301613,2020-01-21
9781975301620,2020-01-21
9781975301637,2020-05-26
9781975301644,2020-05-26
9781975301651,2020-10-20
9781975301668,2020-10-20
9781975301675,2026-02-15
9781975301699,2026-02-15
9781975301705,2026-02-15
9781975301729,2026-02-15
9781975301743,2026-02-15
9781975301750,2026-02-15
9781975301774,
9781975301781,2026-02-15
9781975301835,
9781975301859,
9781975301873,
9781975301927,2026-02-15
9781975301934,2018-10-30
9781975301941,2019-03-19
9781975301958,2019-03-19
9781975301965,2019-08-06
9781975301972,2019-08-06
9781975301989,2019-12-03
9781975301996,2019-12-03
9781975302009,2026-02-15
9781975302016,2026-02-15
9781975302078,2026-02-15
9781975302146,2026-02-15
9781975302153,2026-02-15
9781975302177,2026-02-15
9781975302191,2026-02-15
9781975302214,2026-02-15
9781975302238,2026-02-15
9781975302252,2026-02-15
9781975302276,2026-02-15
9781975302290,
9781975302313,2026-02-15
9781975302320,2026-02-15
9781975302344,2026-02-15
9781975302368,2026-02-15
9781975302375,2026-02-15
9781975302399,2026-02-15
9781975302405,2026-02-15
9781975302429,2026-02-15
9781975302443,2026-02-15
9781975302450,2026-02-15
9781975302474,2026-02-15
9781975302481,2026-02-15
9781975302498,2026-02-15
9781975302504,2026-02-15
9781975302511,2026-02-15
9781975302535,2026-02-15
9781975302559,2026-02-15
9781975302573,2026-02-15
9781975302597,2026-02-15
9781975302603,2026-02-15
9781975302627,2026-02-15
9781975302634,2026-02-15
9781975302658,2019-04-23
9781975302665,2019-04-23
9781975302672,2019-09-03
9781975302689,2019-09-03
9781975302696,2019-12-17
9781975302702,2019-12-17
9781975302719,2020-04-28
9781975302726,2020-04-28
9781975302733,2020-09-22
9781975302740,2020-09-22
9781975302757,2018-10-30
9781975302788,2018-10-30
9781975302795,2018-10-30
9781975302801,2019-03-19
9781975302818,2026-02-15
9781975302832,2026-02-15
9781975302849,2018-10-30
9781975302856,2018-10-30
9781975302863,2018-10-30
9781975302870,2018-10-30
9781975302887,2026-02-15
9781975302900,2026-02-15
9781975302917,2026-02-15
9781975302931,2026-02-15
9781975302948,2026-02-15
9781975302955,2026-02-15
9781975302962,2026-02-15
9781975302986,2026-02-15
9781975302993,2026-02-15
9781975303013,2026-02-15
9781975303020,2026-02-15
9781975303044,2026-02-15
9781975303051,2026-02-15
9781975303075,2026-02-15
9781975303082,2026-02-15
9781975303105,2019-11-19
9781975303112,2019-11-19
9781975303129,2019-03-26
9781975303136,2019-03-26
9781975303143,2019-07-23
9781975303150,2019-07-23
9781975303167,2020-03-31
9781975303174,2020-03-31
9781975303181,2019-02-19
9781975303198,2019-02-19
9781975303204,2019-06-18
9781975303211,2019-06-18
9781975303228,2019-08-20
9781975303235,2019-08-20
9781975303242,2019-10-29
9781975303259,2019-10-29
9781975303266,2020-02-18
9781975303273,2020-02-18
9781975303280,2020-07-21
9781975303297,2020-07-21
9781975303303,2026-02-15
9781975303310,2026-02-15
9781975303327,2026-02-15
9781975303334,2026-02-15
9781975303341,2026-02-15
9781975303358,2026-02-15
9781975303365,2026-02-15
9781975303372,2026-02-15
9781975303389,2026-02-15
9781975303396,2026-02-15
9781975303402,2026-02-15
9781975303419,2026-02-15
9781975303426,2026-02-15
9781975303433,2026-02-15
9781975303440,2026-02-15
9781975303457,2026-02-15
9781975303488,2026-02-15
9781975303518,2019-10-15
9781975303525,2026-02-15
9781975303532,2026-02-15
9781975303549,2026-02-15
9781975303556,2026-02-15
9781975303570,2026-02-15
9781975303594,2026-02-15
9781975303617,2026-02-15
9781975303631,2026-02-15
9781975303655,2026-02-15
9781975303679,2026-02-15
9781975303693,2026-02-15
9781975303709,2019-03-19
9781975303716,2026-02-15
9781975303723,2026-02-15
9781975303747,2026-02-15
9781975303754,2026-02-15
9781975303761,2026-02-15
9781975303785,2019-03-19
9781975303792,2026-02-15
9781975303808,2026-02-15
9781975303815,2018-10-30
9781975303822,
9781975303839,2019-03-19
9781975303853,2026-02-15
9781975303877,2026-02-15
9781975303884,2026-02-15
9781975303907,2026-02-15
9781975303921,2019-07-23
9781975303938,2019-07-23
9781975303945,2026-02-15
9781975303983,2026-02-15
9781975303990,2026-02-15
9781975304089,2026-02-15
9781975304102,2026-02-15
9781975304140,2026-02-15
9781975304188,2019-05-21
9781975304195,2026-02-15
9781975304201,2026-02-15
9781975304225,2026-02-15
9781975304232,2026-02-15
9781975304256,2026-02-15
9781975304263,2019-04-23
9781975304270,2019-04-23
9781975304287,2019-03-19
9781975304294,2019-06-18
9781975304300,2019-10-15
9781975304317,2020-01-21
9781975304324,2020-01-21
9781975304331,2020-05-26
9781975304348,2020-05-26
9781975304355,2026-02-15
9781975304379,2026-02-15
9781975304386,2026-02-15
9781975304409,2026-02-15
9781975304416,2026-02-15
9781975304430,2026-02-15
9781975304447,2026-02-15
9781975304478,
9781975304492,2026-02-15
9781975304508,2026-02-15
9781975304522,2026-02-15
9781975304539,2026-02-15
9781975304553,2026-02-15
9781975304560,2026-02-15
9781975304584,2026-02-15
9781975304591,2026-02-15
9781975304614,2026-02-15
9781975304638,2026-02-15
9781975304690,2019-05-21
9781975304706,2019-05-21
9781975304713,2019-10-08
9781975304720,2019-10-08
9781975304737,2020-01-28
9781975304744,2020-01-28
9781975304751,2020-04-28
9781975304768,2020-04-28
9781975304775,2020-09-22
9781975304782,2020-09-22
9781975304799,2020-12-15
9781975304805,2020-12-15
9781975305512,2026-02-15
9781975305529,2026-02-15
9781975305536,2026-02-15
9781975305543,2026-02-15
9781975305567,2020-05-26
9781975305574,2020-05-26
9781975305581,2020-09-22
9781975305598,2020-09-22
9781975305604,2021-04-20
9781975305611,2021-04-20
9781975305628,2019-12-03
9781975305635,2019-12-03
9781975305642,2020-03-24
9781975305659,2020-03-24
9781975305666,2019-11-05
9781975305673,2019-11-05
9781975305680,2019-11-26
9781975305697,2019-11-26
9781975305703,2020-02-11
9781975305710,2020-02-11
9781975305727,2019-08-20
9781975305734,2019-12-31
9781975305741,2019-12-31
9781975305758,2020-04-28
9781975305765,2020-04-28
9781975305772,2020-09-29
9781975305789,2020-09-29
9781975305796,2020-12-29
9781975305802,2020-12-29
9781975305864,2026-02-15
9781975305871,2026-02-15
9781975305895,2026-02-15
9781975305901,2026-02-15
9781975305925,2026-02-15
9781975305932,2026-02-15
9781975306113,2026-02-15
9781975306137,2026-02-15
9781975306144,2026-02-15
9781975306151,2026-02-15
9781975306175,2026-02-15
9781975306182,2026-02-15
9781975306205,2026-02-15
9781975306212,2026-02-15
9781975306236,2020-05-26
9781975306243,2026-02-15
9781975306250,2026-02-15
9781975306274,2024-04-16
9781975306281,2024-04-16
9781975306298,2026-02-15
9781975306304,2026-02-15
9781975306311,2020-11-17
9781975306328,2021-02-23
9781975306342,2026-02-15
9781975306380,2026-02-15
9781975306403,2026-02-15
9781975306427,2026-02-15
9781975306441,2026-02-15
9781975306458,2020-12-29
9781975306465,2020-12-29
9781975306472,2026-02-15
9781975306496,2026-02-15
9781975306519,2026-02-15
9781975306533,2026-02-15
9781975306557,2026-02-15
9781975306700,
9781975307868,2020-03-17
9781975307875,2020-03-17
9781975307882,2026-02-15
9781975307899,
9781975307912,2026-02-15
9781975307929,2026-02-15
9781975307936,
9781975307943,
9781975307950,
9781975307974,2026-02-15
9781975307981,2026-02-15
9781975308001,2026-02-15
9781975308049,2020-02-25
9781975308056,2020-02-25
9781975308063,2020-06-23
9781975308070,2020-06-23
9781975308117,
9781975308131,
9781975308148,2026-02-15
9781975308179,2026-02-15
9781975308216,2026-02-15
9781975308223,2026-02-15
9781975308254,2026-02-15
9781975308278,2026-02-15
9781975308292,2026-02-15
9781975308315,2026-02-15
9781975308339,2026-02-15
9781975308353,2026-02-15
9781975308438,2026-02-15
9781975308452,2026-02-15
9781975308476,2026-02-15
9781975308483,2026-02-15
9781975308506,2026-02-15
9781975308513,2026-02-15
9781975308605,2026-02-15
9781975308636,2020-04-21
9781975308643,2026-02-15
9781975308667,2020-08-18
9781975308674,2020-08-18
9781975308681,2020-10-20
9781975308698,2020-10-20
9781975308704,2021-02-23
9781975308711,2021-02-23
9781975308728,2020-07-21
9781975308735,2020-07-21
9781975308742,2026-02-15
9781975308780,2026-02-15
9781975308803,2026-02-15
9781975308810,2026-02-15
9781975308834,
9781975308841,2026-02-15
9781975308957,2026-02-15
9781975308971,2026-02-15
9781975308988,2026-02-15
9781975309008,2026-02-15
9781975309015,2026-02-15
9781975309039,
9781975309046,2026-02-15
9781975309060,2026-02-15
9781975309077,2026-02-15
9781975309091,2026-02-15
9781975309107,2026-02-15
9781975309121,2026-02-15
9781975309138,2026-02-15
9781975309251,2026-02-15
9781975309275,2026-02-15
9781975309282,2026-02-15
9781975309305,2026-02-15
9781975309312,2026-02-15
9781975309374,2026-02-15
9781975309398,
9781975309411,2026-02-15
9781975309435,2026-02-15
9781975309459,2026-02-15
9781975309473,2020-08-18
9781975309480,2020-08-18
9781975309497,2020-03-24
9781975309503,2020-08-18
9781975309510,2020-11-17
9781975309527,2021-02-23
9781975309534,2026-02-15
9781975309558,2020-03-31
9781975309565,2020-06-23
9781975309572,2020-06-23
9781975309589,2020-11-10
9781975309596,2020-11-10
9781975309602,2021-01-19
9781975309619,2021-01-19
9781975309626,2021-05-25
9781975309633,2021-05-25
9781975309640,2021-10-05
9781975309657,2021-10-05
9781975309664,2022-03-15
9781975309671,2022-03-15
9781975309688,2022-05-17
9781975309695,2022-05-17
9781975309701,2022-10-04
9781975309718,2022-10-04
9781975309725,2020-07-21
9781975309732,2020-07-21
9781975309749,2020-10-20
9781975309756,2020-10-20
9781975309763,2021-01-19
9781975309770,2021-01-19
9781975309787,2021-06-01
9781975309794,2021-06-01
9781975309800,2021-10-05
9781975309817,2021-10-05
9781975309824,2022-05-24
9781975309831,2022-05-24
9781975309848,2020-02-18
9781975309855,2020-02-18
9781975309862,2020-02-18
9781975309879,2020-02-18
9781975309886,2020-02-18
9781975309893,2020-02-18
9781975309909,2020-02-18
9781975309916,2020-02-18
9781975309923,2020-02-18
9781975309930,2026-02-15
9781975309947,2026-02-15
9781975309961,2026-02-15
9781975309985,2020-06-23
9781975309992,2020-06-23
9781975310004,2020-09-22
9781975310011,2020-09-22
9781975310028,2026-02-15
9781975310035,2026-02-15
9781975310042,2026-02-15
9781975310059,2026-02-15
9781975310066,
9781975310073,2026-02-15
9781975310080,2026-02-15
9781975310097,2026-02-15
9781975310103,2026-02-15
9781975310110,2026-02-15
9781975310127,2026-02-15
9781975310134,2026-02-15
9781975310165,2026-02-15
9781975310196,2026-02-15
9781975310219,2026-02-15
9781975310240,2026-02-15
9781975310257,2026-02-15
9781975310271,2026-02-15
9781975310288,2026-02-15
9781975310301,2020-07-21
9781975310318,2020-07-21
9781975310325,2020-11-03
9781975310332,2020-11-03
9781975310349,2020-09-01
9781975310356,2020-09-01
9781975310363,2020-11-17
9781975310370,2020-11-17
9781975310387,2021-03-23
9781975310394,2021-03-23
9781975310400,2026-02-15
9781975310417,2026-02-15
9781975310431,2026-02-15
9781975310455,2020-12-15
9781975310462,2020-12-15
9781975310479,2020-11-17
9781975310486,2020-11-17
9781975310493,2020-12-22
9781975310509,2020-12-22
9781975310516,2022-01-18
9781975310523,2022-05-24
9781975310530,2022-05-24
9781975310547,2022-12-20
9781975310554,2022-12-20
9781975310561,2026-02-15
9781975310578,2026-02-15
9781975310592,2026-02-15
9781975310608,2026-02-15
9781975310622,2026-02-15
9781975310639,2026-02-15
9781975310653,2026-02-15
9781975310660,2026-02-15
9781975310684,2026-02-15
9781975310691,2026-02-15
9781975310714,2026-02-15
9781975310721,2026-02-15
9781975310745,2026-02-15
9781975310752,2026-02-15
9781975310776,2026-02-15
9781975310790,2026-02-15
9781975310806,2026-02-15
9781975310813,2026-02-15
9781975310837,2026-02-15
9781975310844,
9781975310868,2022-01-18
9781975311087,2026-02-15
9781975311094,
9781975311148,
9781975311162,2026-02-15
9781975311209,2026-02-15
9781975311216,2026-02-15
9781975311223,2026-02-15
9781975311254,2026-02-14
9781975311261,2026-02-14
9781975311278,2026-02-14
9781975311353,2026-02-15
9781975311360,2026-02-15
9781975311377,2026-02-15
9781975311384,2026-02-15
9781975311391,2026-02-15
9781975311407,2026-02-15
9781975311414,2026-02-15
9781975311421,2026-02-15
9781975311445,2026-02-15
9781975311452,2026-02-15
9781975311469,
9781975311476,2026-02-15
9781975311483,2026-02-15
9781975311490,2026-02-15
9781975311506,2026-02-15
9781975311513,2026-02-15
9781975311520,2026-02-15
9781975311537,2021-06-01
9781975311544,2021-06-01
9781975311551,2026-02-15
9781975311568,2026-02-15
9781975311582,2026-02-15
9781975311605,2019-01-28
9781975311612,2020-01-28
9781975311629,2020-01-28
9781975311636,2020-01-28
9781975311643,2020-01-28
9781975311650,2020-01-28
9781975311667,2020-01-28
9781975312053,2026-02-15
9781975312060,2026-02-15
9781975312077,2026-02-15
9781975312084,2026-02-15
9781975312244,2026-02-15
9781975312251,2020-10-20
9781975312268,2020-10-20
9781975312275,2021-01-26
9781975312282,2021-01-26
9781975312299,2021-04-27
9781975312305,2021-04-27
9781975312312,2021-07-20
9781975312329,2021-07-20
9781975312336,2021-11-02
9781975312343,2021-11-02
9781975312350,2022-02-08
9781975312367,2022-02-08
9781975312374,2022-05-24
9781975312381,2022-05-24
9781975312398,2022-08-23
9781975312404,2022-08-23
9781975312411,2020-12-29
9781975312428,2020-12-29
9781975312435,2021-04-27
9781975312442,2021-04-27
9781975312459,2020-09-22
9781975312466,2020-09-22
9781975312473,2021-03-02
9781975312480,2021-03-02
9781975312497,2021-05-18
9781975312503,2021-05-18
9781975312510,2021-10-12
9781975312527,2021-10-12
9781975312534,2020-04-28
9781975312541,2020-08-18
9781975312558,2020-08-18
9781975312565,2020-11-17
9781975312572,2020-11-17
9781975312589,2021-03-30
9781975312596,2021-03-30
9781975312602,2021-07-27
9781975312619,2021-07-27
9781975312626,2021-11-30
9781975312633,2021-11-30
9781975312640,2022-05-03
9781975312657,2022-05-03
9781975312664,2022-08-23
9781975312671,2022-08-23
9781975312688,2022-12-13
9781975312695,2022-12-13
9781975312701,2026-02-15
9781975312718,2026-02-15
9781975312725,2026-02-15
9781975312749,2020-07-21
9781975312756,2020-07-21
9781975312763,2020-10-20
9781975312770,2020-10-20
9781975312787,2026-02-15
9781975312794,2026-02-15
9781975312824,2026-02-15
9781975312848,2026-02-15
9781975312855,2026-02-15
9781975312862,2026-02-15
9781975312886,2020-06-23
9781975312893,2026-02-15
9781975312909,2026-02-15
9781975312916,2020-06-23
9781975312923,2020-06-23
9781975312930,2026-02-15
9781975312947,2026-02-15
9781975312992,2020-06-23
9781975313005,2020-06-23
9781975313012,2026-02-15
9781975313029,2026-02-15
9781975313043,2020-09-22
9781975313050,2020-09-22
9781975313128,2026-02-15
9781975313135,
9781975313142,2026-02-15
9781975313159,2026-02-15
9781975313166,2026-02-15
9781975313173,2026-02-15
9781975313180,2026-02-15
9781975313203,2026-02-15
9781975313210,
9781975313227,2026-02-15
9781975313234,2020-05-26
9781975313241,2026-02-15
9781975313258,2026-02-15
9781975313272,2020-07-21
9781975313289,2020-07-21
9781975313296,2020-12-15
9781975313302,2020-12-15
9781975313319,2021-03-23
9781975313326,2021-03-23
9781975313333,2021-06-29
9781975313340,2021-06-29
9781975313357,2021-10-05
9781975313364,2021-10-05
9781975313470,2026-02-15
9781975313685,2020-09-22
9781975313692,2020-09-22
9781975313708,2020-12-15
9781975313715,2020-12-15
9781975313722,2026-02-15
9781975313739,2026-02-15
9781975313760,2026-02-15
9781975313777,2026-02-15
9781975313791,2026-02-15
9781975313807,2026-02-15
9781975313821,2026-02-15
9781975313838,2026-02-15
9781975313852,2026-02-15
9781975313869,2026-02-15
9781975313883,2026-02-15
9781975313890,2026-02-15
9781975313913,2026-02-15
9781975313920,2026-02-15
9781975313975,2026-02-15
9781975313982,2026-02-15
9781975314002,2026-02-15
9781975314019,2026-02-15
9781975314033,2020-08-25
9781975314040,2020-08-25
9781975314118,2026-02-15
9781975314125,2026-02-15
9781975314149,2026-02-15
9781975314156,2026-02-15
9781975314170,2026-02-15
9781975314187,2026-02-15
9781975314200,2020-08-18
9781975314217,2020-10-20
9781975314224,2020-10-20
9781975314231,2026-02-15
9781975314248,2026-02-15
9781975314262,2021-09-14
9781975314279,2021-09-14
9781975314286,2026-02-15
9781975314293,2026-02-15
9781975314316,2026-02-15
9781975314323,2026-02-15
9781975314347,2026-02-15
9781975314354,2026-02-15
9781975314378,2020-11-03
9781975314385,2020-11-03
9781975314392,2021-01-19
9781975314408,2021-01-19
9781975314415,2021-06-22
9781975314422,2021-06-22
9781975314439,2021-11-09
9781975314446,2021-11-09
9781975314453,2022-04-05
9781975314460,2022-04-05
9781975314477,2022-07-26
9781975314484,2022-07-26
9781975314491,2022-11-22
9781975314507,2022-11-22
9781975314514,2020-11-17
9781975314521,2020-11-17
9781975314538,2026-02-15
9781975314545,2026-02-15
9781975314569,2026-02-15
9781975314576,2026-02-15
9781975314590,2026-02-15
9781975314606,2026-02-15
9781975314620,2026-02-15
9781975314682,2026-02-15
9781975314705,2026-02-15
9781975314729,2026-02-15
9781975314743,2026-02-15
9781975314767,2026-02-15
9781975314781,2021-03-23
9781975314798,2021-04-27
9781975314804,2021-04-27
9781975314811,2020-10-27
9781975314828,2020-10-27
9781975314880,2026-02-15
9781975314897,
9781975314910,2026-02-15
9781975314927,2026-02-15
9781975314941,2026-02-15
9781975314958,2026-02-15
9781975314972,2026-02-15
9781975314989,2026-02-15
9781975315023,2021-02-23
9781975315030,2021-02-23
9781975315092,2026-02-15
9781975315108,2026-02-15
9781975315122,2026-02-15
9781975315139,2026-02-15
9781975315153,2026-02-15
9781975315160,2026-02-15
9781975315184,2026-02-15
9781975315191,2026-02-15
9781975315214,2026-02-15
9781975315221,2026-02-15
9781975315276,2026-02-15
9781975315283,2026-02-15
9781975315306,2020-07-28
9781975315313,2020-07-28
9781975315320,2020-11-24
9781975315337,2020-11-24
9781975315344,2026-02-15
9781975315351,
9781975315375,2026-02-15
9781975315382,2026-02-15
9781975315405,2026-02-15
9781975315412,2026-02-15
9781975315436,2026-02-15
9781975315443,2026-02-15
9781975315467,2026-02-15
9781975315474,2026-02-15
9781975315498,2026-02-15
9781975315504,2026-02-15
9781975315528,2026-02-15
9781975315535,2026-02-15
9781975315580,2026-02-15
9781975315597,2026-02-15
9781975315672,2020-08-18
9781975315689,2020-08-18
9781975315696,2021-04-27
9781975315702,2021-04-27
9781975315719,2020-11-17
9781975315726,2020-11-17
9781975315733,2021-03-23
9781975315740,2021-03-23
9781975315757,2020-11-17
9781975315764,2020-11-17
9781975315771,2021-04-27
9781975315788,2021-04-27
9781975315795,2026-02-15
9781975315801,2026-02-15
9781975315818,2026-02-15
9781975315832,2026-02-15
9781975315849,2026-02-15
9781975315863,2026-02-15
9781975315870,2026-02-15
9781975315887,2026-02-15
9781975315894,2026-02-15
9781975315900,2026-02-15
9781975315924,2026-02-15
9781975315931,2026-02-15
9781975315955,2021-01-19
9781975315962,2021-01-19
9781975315979,2021-03-02
9781975315986,2021-03-02
9781975315993,2021-06-22
9781975316006,2021-06-22
9781975316013,2020-09-22
9781975316020,2020-09-22
9781975316037,2021-03-23
9781975316044,2026-02-15
9781975316051,2026-02-15
9781975316075,2026-02-15
9781975316082,
9781975316105,2020-12-01
9781975316112,2020-12-01
9781975316150,2026-02-15
9781975316167,2026-02-15
9781975316181,2026-02-15
9781975316198,2026-02-15
9781975316211,2026-02-15
9781975316228,2026-02-15
9781975316242,2026-02-15
9781975316259,2026-02-15
9781975316273,2026-02-15
9781975316303,2026-02-15
9781975316310,2026-02-15
9781975316327,2020-12-15
9781975316334,2020-12-15
9781975316341,2021-06-08
9781975316358,2021-06-08
9781975316365,2021-08-31
9781975316372,2021-08-31
9781975316389,2020-11-24
9781975316396,2021-01-19
9781975316402,2021-01-19
9781975316419,2022-03-29
9781975316426,2022-03-29
9781975316433,2020-11-03
9781975316440,2021-03-02
9781975316457,2021-06-29
9781975316464,2023-02-21
9781975316471,2021-10-19
9781975316488,2022-05-24
9781975316495,2022-10-04
9781975316501,2021-06-22
9781975316518,2021-06-22
9781975316525,2021-03-23
9781975316532,2021-03-23
9781975316549,2026-02-15
9781975316556,2021-03-09
9781975316563,2021-03-09
9781975316570,2020-12-29
9781975316587,2020-12-29
9781975316594,2021-05-25
9781975316600,2021-05-25
9781975316686,2026-02-15
9781975316693,
9781975316709,2026-02-15
9781975316716,2026-02-15
9781975316723,2026-02-15
9781975316730,2026-02-15
9781975316747,2026-02-15
9781975316754,2021-04-27
9781975316761,2021-04-27
9781975316778,2026-02-15
9781975316785,2026-02-15
9781975316792,2026-02-15
9781975316808,2026-02-15
9781975316815,2026-02-15
9781975316822,2026-02-15
9781975316853,2026-02-15
9781975316860,2026-02-15
9781975316877,
9781975316884,2026-02-15
9781975316891,2026-02-15
9781975316914,2026-02-15
9781975316921,2026-02-15
9781975316938,2026-02-15
9781975316945,2026-02-15
9781975316952,2026-02-15
9781975316990,2026-02-15
9781975317003,2026-02-15
9781975317010,
9781975317096,2020-11-17
9781975317102,2020-11-17
9781975317119,2021-03-23
9781975317126,2021-03-23
9781975317140,2021-07-20
9781975317157,2021-07-20
9781975317164,2022-01-04
9781975317171,2022-01-04
9781975317188,2020-12-01
9781975317195,2020-12-01
9781975317201,2021-05-04
9781975317218,2021-05-04
9781975317225,2021-07-27
9781975317232,2021-07-27
9781975317249,2021-12-07
9781975317256,2021-12-07
9781975317263,2021-01-19
9781975317270,2021-01-19
9781975317287,2021-04-27
9781975317294,2021-04-27
9781975317348,2026-02-15
9781975317355,2026-02-15
9781975317362,2021-01-19
9781975317379,2021-01-19
9781975317393,2026-02-15
9781975317409,2026-02-15
9781975317416,2026-02-15
9781975317423,2026-02-15
9781975317430,2026-02-15
9781975317447,
9781975317454,2026-02-15
9781975317461,2026-02-15
9781975317478,2026-02-15
9781975317485,2026-02-15
9781975317492,2026-02-15
9781975317508,2026-02-15
9781975317577,2026-02-15
9781975317584,
9781975317591,2026-02-15
9781975317607,2026-02-15
9781975317614,2026-02-15
9781975317621,2026-02-15
9781975317638,
9781975317645,2026-02-15
9781975317652,
9781975317669,
9781975317676,
9781975317683,
9781975317690,
9781975317706,
9781975317713,
9781975317720,
9781975317737,2026-02-15
9781975317744,2026-02-15
9781975317843,2026-02-15
9781975317850,2026-02-15
9781975317867,2026-02-15
9781975317898,2026-02-15
9781975317904,2026-02-15
9781975317959,2021-05-04
9781975317966,2021-05-04
9781975317973,2020-11-17
9781975317980,2020-11-17
9781975317997,2021-03-02
9781975318000,2021-03-02
9781975318017,2026-02-15
9781975318024,2026-02-15
9781975318031,2026-02-15
9781975318048,2026-02-15
9781975318055,2026-02-15
9781975318062,2026-02-15
9781975318079,2026-02-15
9781975318086,2026-02-15
9781975318093,2026-02-15
9781975318109,2026-02-15
9781975318116,2026-02-15
9781975318123,2026-02-15
9781975318130,2026-02-15
9781975318147,2026-02-15
9781975318154,2026-02-15
9781975318161,2026-02-15
9781975318239,2020-12-15
9781975318246,2020-12-15
9781975318253,2020-10-27
9781975318260,2026-02-15
9781975318277,2026-02-15
9781975318284,2026-02-15
9781975318291,2021-03-30
9781975318307,2021-03-30
9781975318314,2022-07-19
9781975318321,2022-07-19
9781975318338,2021-01-19
9781975318345,2021-01-19
9781975318352,2021-08-24
9781975318369,2021-08-24
9781975318376,2021-11-02
9781975318383,2021-11-02
9781975318390,2021-03-02
9781975318406,2021-03-02
9781975318413,2021-05-25
9781975318420,2021-05-25
9781975318437,2021-08-31
9781975318444,2021-08-31
9781975318451,2021-12-14
9781975318468,2021-12-14
9781975318475,2022-01-11
9781975318482,2022-01-11
9781975318499,2022-05-17
9781975318505,2022-05-17
9781975318512,2023-03-21
9781975318529,2023-03-21
9781975318536,2026-02-15
9781975318543,2026-02-15
9781975318550,2020-12-22
9781975318567,2026-02-15
9781975318574,2020-11-03
9781975318581,2026-02-15
9781975318598,2026-02-15
9781975318604,2026-02-15
9781975318611,2026-02-15
9781975318628,2026-02-15
9781975318635,2026-02-15
9781975318642,2026-02-15
9781975318659,
9781975318666,2026-02-15
9781975318673,2026-02-15
9781975318680,2026-02-15
9781975318697,2020-11-17
9781975318703,2020-11-17
9781975318734,2026-02-15
9781975318741,2026-02-15
9781975318772,2021-04-06
9781975318789,2021-04-06
9781975318796,2021-10-05
9781975318802,2021-10-05
9781975318819,2022-03-15
9781975318826,2022-03-15
9781975319038,
9781975319045,
9781975319052,2026-02-15
9781975319069,2026-02-15
9781975319083,2026-02-15
9781975319090,2026-02-15
9781975319151,2020-12-15
9781975319168,2020-12-15
9781975319199,2026-02-15
9781975319205,2026-02-15
9781975319212,2026-02-15
9781975319229,2026-02-15
9781975319236,2020-12-15
9781975319243,2020-12-15
9781975319274,2021-02-16
9781975319281,2021-02-16
9781975319298,2021-06-22
9781975319304,2021-06-22
9781975319311,2021-10-19
9781975319328,2021-10-19
9781975319335,2022-04-05
9781975319342,2022-04-05
9781975319359,2022-08-09
9781975319366,2022-08-09
9781975319373,2022-12-13
9781975319380,2022-12-13
9781975319397,2023-03-21
9781975319403,2023-03-21
9781975319410,2023-07-18
9781975319427,2023-07-18
9781975319472,2026-02-15
9781975319489,2026-02-15
9781975319496,2026-02-15
9781975319502,2026-02-15
9781975319519,2021-03-30
9781975319526,2021-03-30
9781975319533,2021-08-24
9781975319540,2021-08-24
9781975319557,2021-11-30
9781975319564,2021-11-30
9781975319571,2022-04-05
9781975319588,2022-04-05
9781975319595,2026-02-15
9781975319601,2026-02-15
9781975319618,2026-02-15
9781975319625,2026-02-15
9781975319632,2026-02-15
9781975319649,2026-02-15
9781975319656,2026-02-15
9781975319663,2026-02-15
9781975319670,2021-10-05
9781975319687,2021-10-05
9781975319694,2021-03-09
9781975319700,2021-03-09
9781975319717,2021-07-27
9781975319724,2021-07-27
9781975319755,2026-02-15
9781975319762,2026-02-15
9781975319779,2026-02-15
9781975319786,2026-02-15
9781975319793,2026-02-15
9781975319816,2026-02-15
9781975319823,2026-02-15
9781975319830,2021-04-27
9781975319847,2021-04-27
9781975319854,2026-02-15
9781975319861,2026-02-15
9781975319878,2026-02-15
9781975319885,2026-02-15
9781975319892,2026-02-15
9781975319908,
9781975319915,2021-03-23
9781975319922,2021-03-23
9781975319939,2021-05-25
9781975319946,2021-05-25
9781975319953,2021-10-05
9781975319960,2021-10-05
9781975319977,2022-01-11
9781975319984,2022-01-11
9781975319991,2022-04-05
9781975320003,2022-04-05
9781975320010,2022-06-28
9781975320027,2022-06-28
9781975320089,2026-02-15
9781975320096,2026-02-15
9781975320140,2026-02-15
9781975320157,2026-02-15
9781975320164,2026-02-15
9781975320171,2026-02-15
9781975320188,2021-02-23
9781975320195,2021-02-23
9781975320201,2026-02-15
9781975320218,2026-02-15
9781975320225,
9781975320232,
9781975320249,2026-02-15
9781975320256,2026-02-15
9781975320263,
9781975320270,2026-02-15
9781975320300,2026-02-15
9781975320317,2026-02-15
9781975320324,2026-02-15
9781975320331,2026-02-15
9781975320348,2026-02-15
9781975320362,2021-04-27
9781975320379,2021-04-27
9781975320386,2021-08-17
9781975320393,2021-08-17
9781975320409,
9781975320416,2026-02-15
9781975320423,2026-02-15
9781975320430,2026-02-15
9781975320447,2026-02-15
9781975320454,2026-02-15
9781975320461,2026-02-15
9781975320478,2026-02-15
9781975320485,2026-02-15
9781975320492,2026-02-15
9781975320508,2026-02-15
9781975320515,2026-02-15
9781975320522,2026-02-15
9781975320539,2026-02-15
9781975320546,2026-02-15
9781975320553,2026-02-15
9781975320560,2026-02-15
9781975320577,2026-02-15
9781975320584,
9781975320591,2026-02-15
9781975320607,2026-02-15
9781975320614,2026-02-15
9781975320621,2026-02-15
9781975320638,2026-02-15
9781975320645,2026-02-15
9781975320652,
9781975320669,2026-02-15
9781975320676,
9781975320683,2026-02-15
9781975320690,2026-02-15
9781975320706,2021-05-25
9781975320713,2021-05-25
9781975320720,2021-10-12
9781975320737,2021-10-12
9781975320744,2021-03-30
9781975320751,2021-03-30
9781975320768,2021-08-24
9781975320775,2021-08-24
9781975320782,2021-05-18
9781975320799,2021-05-18
9781975320805,2021-06-22
9781975320812,2021-06-22
9781975320829,2021-11-09
9781975320836,2021-11-09
9781975320843,2022-04-05
9781975320850,2022-04-05
9781975320867,2022-07-26
9781975320874,2022-07-26
9781975320881,2026-02-15
9781975320898,2026-02-15
9781975320904,2026-02-15
9781975320911,2026-02-15
9781975320928,2026-02-15
9781975320935,2026-02-15
9781975320980,2026-02-15
9781975320997,2026-02-15
9781975321017,2026-02-15
9781975321024,2026-02-15
9781975321253,2026-02-15
9781975321260,2026-02-15
9781975321277,2026-02-15
9781975321284,2026-02-15
9781975321338,2021-04-27
9781975321345,2021-04-27
9781975321512,2026-02-15
9781975321529,2026-02-15
9781975321536,2026-02-15
9781975321567,2021-04-27
9781975321574,2021-04-27
9781975321604,2021-08-31
9781975321611,2021-08-31
9781975321635,2026-02-15
9781975321642,2026-02-15
9781975321659,2026-02-15
9781975321666,2026-02-15
9781975321673,2026-02-15
9781975321680,2026-02-15
9781975321697,2026-02-15
9781975321703,2026-02-15
9781975321710,2026-02-15
9781975321727,2021-04-27
9781975321734,2021-04-27
9781975321741,2021-06-22
9781975321758,2021-06-22
9781975321765,2021-11-09
9781975321772,2021-11-09
9781975321789,2022-05-03
9781975321796,2022-05-03
9781975321802,2021-11-09
9781975321819,2021-11-09
9781975321826,2021-07-20
9781975321833,2021-07-20
9781975321840,2021-04-27
9781975321857,2021-04-27
9781975321864,2022-05-03
9781975321871,2022-05-03
9781975321888,2022-11-08
9781975321895,2022-11-08
9781975321901,2021-08-17
9781975321918,2021-08-17
9781975321925,2022-02-08
9781975321932,2022-02-08
9781975321949,2022-05-17
9781975321956,2022-05-17
9781975321963,2022-10-25
9781975321970,2022-10-25
9781975321987,2023-01-17
9781975321994,2023-01-17
9781975322007,2023-05-23
9781975322014,2023-05-23
9781975322021,2021-03-30
9781975322038,2021-03-30
9781975322045,2021-10-05
9781975322052,2021-10-05
9781975322069,2021-07-20
9781975322076,2021-07-20
9781975322083,2021-04-20
9781975322090,2021-04-20
9781975322106,2021-10-12
9781975322113,2021-10-12
9781975322120,2022-03-15
9781975322137,2022-03-15
9781975322144,2022-06-28
9781975322151,2022-06-28
9781975322168,2021-07-27
9781975322175,2021-07-27
9781975322182,2021-12-14
9781975322199,2021-12-14
9781975322342,2021-11-09
9781975322359,2021-11-09
9781975322366,2022-04-05
9781975322373,2022-04-05
9781975322380,2022-08-16
9781975322397,2022-08-16
9781975322403,2021-08-24
9781975322410,2021-08-24
9781975322427,2022-01-25
9781975322434,2022-01-25
9781975322441,2021-10-05
9781975322458,2021-10-05
9781975322465,2026-02-15
9781975322472,2026-02-15
9781975322489,2026-02-15
9781975322496,2026-02-15
9781975322526,2021-03-23
9781975322533,2021-03-23
9781975322540,2020-11-25
9781975322557,2021-06-22
9781975322564,2021-06-22
9781975322571,2026-02-15
9781975322588,2021-03-02
9781975322595,2021-06-29
9781975322601,2021-10-19
9781975322618,2022-05-24
9781975322625,2022-10-04
9781975322632,2023-02-21
9781975322694,2021-08-24
9781975322700,2021-08-24
9781975322717,2026-02-15
9781975322724,2026-02-15
9781975322731,2021-04-06
9781975322748,2021-04-06
9781975322755,2026-02-15
9781975322762,2026-02-15
9781975322779,2021-05-25
9781975322786,2021-05-25
9781975322816,2026-02-15
9781975322823,2026-02-15
9781975322830,2021-01-19
9781975322847,2021-01-19
9781975322854,2021-02-23
9781975322861,2021-02-23
9781975322878,2021-03-30
9781975322885,2021-03-30
9781975323134,2026-02-15
9781975323158,2026-02-15
9781975323165,2026-02-15
9781975323172,
9781975323189,
9781975323196,
9781975323202,
9781975323219,
9781975323226,
9781975323233,
9781975323240,
9781975323257,
9781975323264,
9781975323271,
9781975323288,
9781975323295,2026-02-15
9781975323301,2026-02-15
9781975323318,2026-02-15
9781975323325,2026-02-15
9781975323363,2026-02-15
9781975323370,2026-02-15
9781975323387,2026-02-15
9781975323394,2026-02-15
9781975323400,2026-02-15
9781975323417,2026-02-15
9781975323424,
9781975323431,2026-02-15
9781975323448,2026-02-15
9781975323455,2026-02-15
9781975323462,2021-08-24
9781975323479,2021-08-24
9781975323486,2022-03-22
9781975323493,2022-03-22
9781975323509,2022-08-23
9781975323516,2022-08-23
9781975323523,2023-09-19
9781975323530,2023-09-19
9781975323547,2021-06-29
9781975323554,2021-06-29
9781975323561,2021-10-05
9781975323578,2021-10-05
9781975323585,2022-01-18
9781975323592,2022-01-18
9781975323608,2022-05-10
9781975323615,2022-05-10
9781975323622,2022-08-16
9781975323639,2022-08-16
9781975323646,2022-10-18
9781975323653,2022-10-18
9781975323660,2023-02-21
9781975323677,2023-02-21
9781975323684,2023-05-23
9781975323691,2023-05-23
9781975323707,2021-12-28
9781975323714,2021-12-28
9781975323721,2022-05-03
9781975323738,2022-05-03
9781975323745,2022-08-30
9781975323752,2022-08-30
9781975323769,2022-12-13
9781975323776,2022-12-13
9781975323783,2023-04-18
9781975323790,2023-04-18
9781975323806,2022-06-28
9781975323813,2022-06-28
9781975323820,2026-02-15
9781975323837,2026-02-15
9781975323844,2026-02-15
9781975323851,2026-02-15
9781975323929,2021-09-14
9781975323936,2021-09-14
9781975323943,2026-02-15
9781975323950,
9781975323967,2026-02-15
9781975323974,2026-02-15
9781975323981,2026-02-15
9781975323998,2026-02-15
9781975324001,2026-02-15
9781975324018,2026-02-15
9781975324025,2026-02-15
9781975324032,2026-02-15
9781975324049,2026-02-15
9781975324056,2026-02-15
9781975324063,2026-02-15
9781975324070,2026-02-15
9781975324087,2026-02-15
9781975324094,2026-02-15
9781975324148,2026-02-15
9781975324155,2026-02-15
9781975324162,
9781975324179,2021-04-20
9781975324186,2021-04-20
9781975324193,2021-05-25
9781975324209,2021-06-01
9781975324216,2026-02-15
9781975324223,2026-02-15
9781975324254,2026-02-15
9781975324261,2026-02-15
9781975324278,2026-02-15
9781975324285,2026-02-15
9781975324292,2026-02-15
9781975324308,2026-02-15
9781975324315,2026-02-15
9781975324322,2026-02-15
9781975324339,2026-02-15
9781975324346,2026-02-15
9781975324353,2026-02-15
9781975324360,2026-02-15
9781975324391,2026-02-15
9781975324407,2026-02-15
9781975324414,2026-02-15
9781975324421,2026-02-15
9781975324445,2026-02-15
9781975324452,2026-02-15
9781975324469,2026-02-15
9781975324476,2026-02-15
9781975324483,2026-02-15
9781975324490,2026-02-15
9781975324506,2026-02-15
9781975324513,2026-02-15
9781975324520,2026-02-15
9781975324537,2026-02-15
9781975324544,2026-02-15
9781975324551,2026-02-15
9781975324582,2026-02-15
9781975324599,2026-02-15
9781975324605,2026-02-15
9781975324612,2026-02-15
9781975324629,
9781975324636,2026-02-15
9781975324643,2026-02-15
9781975324650,
9781975324667,2026-02-15
9781975324674,2026-02-15
9781975324681,2026-02-15
9781975324698,2026-02-15
9781975324704,2026-02-15
9781975324711,2026-02-15
9781975324728,
9781975324735,2026-02-15
9781975324742,2026-02-15
9781975324759,
9781975324766,2026-02-15
9781975324773,2026-02-15
9781975324780,2026-02-15
9781975324797,2026-02-15
9781975324803,2026-02-15
9781975324810,2026-02-15
9781975324827,2026-02-15
9781975324858,2026-02-15
9781975324865,2026-02-15
9781975324896,2026-02-15
9781975324902,2026-02-15
9781975324919,2026-02-15
9781975324926,2026-02-15
9781975324933,
9781975324940,2026-02-15
9781975324957,2026-02-15
9781975324964,2026-02-15
9781975324988,2021-05-25
9781975324995,2021-10-05
9781975325008,2022-03-15
9781975325015,2022-07-12
9781975325022,2021-07-27
9781975325039,2021-07-27
9781975325046,2021-08-31
9781975325053,2021-08-31
9781975325060,2022-01-18
9781975325077,2022-01-18
9781975325084,2022-06-28
9781975325091,2022-06-28
9781975325107,2023-02-21
9781975325114,2023-02-21
9781975325121,2021-08-31
9781975325138,2021-08-31
9781975325169,2021-07-27
9781975325176,2021-07-27
9781975325268,2026-02-15
9781975325275,2026-02-15
9781975325282,2026-02-15
9781975325299,2026-02-15
9781975325305,2026-02-15
9781975325312,2026-02-15
9781975325350,2026-02-15
9781975325367,2026-02-15
9781975325374,2021-10-05
9781975325381,2021-10-05
9781975325398,2021-11-16
9781975325404,2021-11-16
9781975325411,2022-01-11
9781975325428,2022-01-11
9781975325435,2026-02-15
9781975325442,2026-02-15
9781975325459,2026-02-15
9781975325466,2026-02-15
9781975325473,2026-02-15
9781975325480,2026-02-15
9781975325497,
9781975325503,
9781975325510,2026-02-15
9781975325527,2026-02-15
9781975325534,2026-02-15
9781975325541,2026-02-15
9781975325558,2026-02-15
9781975325565,2026-02-15
9781975325596,2026-02-15
9781975325602,2026-02-15
9781975325619,2021-12-14
9781975325626,2021-12-14
9781975325633,2022-05-03
9781975325640,2022-05-03
9781975325657,2022-10-18
9781975325664,2022-10-18
9781975325671,2026-02-15
9781975325688,2026-02-15
9781975325695,2026-02-15
9781975325701,2026-02-15
9781975325718,2022-03-15
9781975325725,2022-03-15
9781975325732,2021-09-14
9781975325749,2021-09-14
9781975325756,2021-06-29
9781975325763,2021-06-29
9781975325770,2021-10-26
9781975325787,2021-10-26
9781975325794,2022-04-05
9781975325800,2022-04-05
9781975325817,2022-12-13
9781975325824,2022-12-13
9781975325831,2026-02-15
9781975325848,2026-02-15
9781975325855,2026-02-15
9781975325862,2026-02-15
9781975325879,2022-10-18
9781975325886,2021-07-13
9781975325893,2021-10-19
9781975325909,2022-02-22
9781975325916,2022-06-21
9781975325923,2023-02-21
9781975325930,2023-06-20
9781975325947,2023-10-23
9781975326081,2018-06-05
9781975326098,
9781975326111,2026-02-15
9781975326135,2018-06-05
9781975326142,2026-02-15
9781975326166,2026-02-15
9781975326173,2026-02-15
9781975326197,2026-02-15
9781975326203,2018-05-08
9781975326227,2026-02-15
9781975326234,2026-02-15
9781975326241,2026-02-15
9781975326258,2026-02-15
9781975326265,2026-02-15
9781975326272,2018-06-26
9781975326425,2018-05-22
9781975326449,
9781975326456,2026-02-15
9781975326463,2026-02-15
9781975326470,2026-02-15
9781975326487,2018-09-18
9781975326524,2026-02-15
9781975326548,2026-02-15
9781975326555,2018-10-30
9781975326562,2026-02-15
9781975326579,
9781975326586,
9781975326593,
9781975326821,2026-02-15
9781975326845,2018-06-26
9781975326852,2026-02-15
9781975326876,2018-07-31
9781975326883,2018-11-13
9781975326890,2018-07-31
9781975326906,2018-11-13
9781975326913,2019-03-19
9781975326920,2019-03-19
9781975326937,2019-07-23
9781975326944,2019-07-23
9781975326951,2019-12-10
9781975326968,2019-12-10
9781975326975,2026-02-15
9781975327033,2026-02-15
9781975327057,2026-02-15
9781975327071,
9781975327095,2018-05-08
9781975327101,2018-03-27
9781975327118,2018-03-27
9781975327125,2018-06-26
9781975327132,2018-06-26
9781975327149,2018-09-18
9781975327156,2018-09-18
9781975327163,2018-12-18
9781975327170,2018-12-18
9781975327187,2019-03-19
9781975327194,2019-03-19
9781975327200,2019-07-09
9781975327217,2019-07-09
9781975327224,2018-04-10
9781975327231,2018-06-26
9781975327248,2018-06-26
9781975327255,2018-09-18
9781975327262,2018-09-18
9781975327279,2018-12-18
9781975327286,2018-12-18
9781975327293,2019-03-26
9781975327309,2019-03-26
9781975327316,2019-06-18
9781975327323,2019-06-18
9781975327354,2018-08-21
9781975327361,2018-08-21
9781975327378,2018-11-27
9781975327385,2018-11-27
9781975327408,2026-02-15
9781975327415,2026-02-15
9781975327439,2026-02-15
9781975327446,2026-02-15
9781975327460,2026-02-15
9781975327484,2026-02-15
9781975327491,2018-11-27
9781975327507,2026-02-15
9781975327521,2018-06-26
9781975327538,2026-02-15
9781975327552,2020-10-27
9781975327569,2026-02-15
9781975327576,2018-11-27
9781975327583,
9781975327590,
9781975327606,2026-02-15
9781975327613,2026-02-15
9781975327620,2026-02-15
9781975327637,2026-02-15
9781975327644,2026-02-15
9781975327651,2026-02-15
9781975327668,2026-02-15
9781975327675,2026-02-15
9781975327682,2026-02-15
9781975327705,2026-02-15
9781975327712,2026-02-15
9781975327736,2026-02-15
9781975327743,
9781975327767,2026-02-15
9781975327774,2026-02-15
9781975327798,2019-02-19
9781975327804,2019-02-19
9781975327811,2019-06-18
9781975327828,2019-06-18
9781975327835,2018-09-18
9781975327842,2019-01-22
9781975327859,2019-01-22
9781975327866,2026-02-15
9781975327880,2026-02-15
9781975327897,2026-02-15
9781975327910,2026-02-15
9781975327927,2026-02-15
9781975327941,2026-02-15
9781975327972,2026-02-15
9781975327989,2026-02-15
9781975328009,2018-11-27
9781975328016,2026-02-15
9781975328030,2026-02-15
9781975328054,2026-02-15
9781975328078,2026-02-15
9781975328115,2026-02-15
9781975328122,2026-02-15
9781975328146,2018-11-13
9781975328153,2026-02-15
9781975328160,2026-02-15
9781975328177,2026-02-15
9781975328184,2026-02-15
9781975328191,2019-03-19
9781975328207,2026-02-15
9781975328221,2026-02-15
9781975328245,2026-02-15
9781975328269,2026-02-15
9781975328283,2026-02-15
9781975328320,2026-02-15
9781975328344,2026-02-15
9781975328368,2018-11-27
9781975328375,2019-03-19
9781975328382,2019-03-19
9781975328399,2019-07-23
9781975328405,2019-07-23
9781975328412,2019-11-26
9781975328429,2019-11-26
9781975328436,2026-02-15
9781975328443,2026-02-15
9781975328467,2026-02-15
9781975328474,2026-02-15
9781975328498,2026-02-15
9781975328504,2026-02-15
9781975328528,2026-02-15
9781975328559,2026-02-15
9781975328573,2026-02-15
9781975328580,2026-02-15
9781975328603,2026-02-15
9781975328610,2018-10-30
9781975328634,2026-02-15
9781975328641,2026-02-15
9781975328665,2026-02-15
9781975328672,2026-02-15
9781975328702,2026-02-15
9781975328740,2026-02-15
9781975328801,
9781975328825,2026-02-15
9781975328849,2026-02-15
9781975328863,2026-02-15
9781975328870,2026-02-15
9781975328894,2026-02-15
9781975328900,2026-02-15
9781975328924,2026-02-15
9781975328931,2026-02-15
9781975328955,2026-02-15
9781975328962,2026-02-15
9781975328986,2026-02-15
9781975328993,2026-02-15
9781975329006,2026-02-15
9781975329037,2026-02-15
9781975329044,2026-02-15
9781975329068,2026-02-15
9781975329112,2018-12-18
9781975329129,2018-12-18
9781975329228,2026-02-15
9781975329235,2026-02-15
9781975329259,2026-02-15
9781975329266,2026-02-15
9781975329310,2018-12-11
9781975329358,2019-06-18
9781975329365,2026-02-15
9781975329372,2018-12-11
9781975329389,2026-02-15
9781975329419,2019-01-29
9781975329426,2026-02-15
9781975329433,2026-02-15
9781975329440,2026-02-15
9781975329464,2026-02-15
9781975329488,2026-02-15
9781975329501,2026-02-15
9781975329525,2026-02-15
9781975329549,2026-02-15
9781975329563,2026-02-15
9781975329587,2026-02-15
9781975329600,2026-02-15
9781975329624,2026-02-15
9781975329648,2026-02-15
9781975329662,2026-02-15
9781975329686,2026-02-15
9781975329709,2026-02-15
9781975329723,2026-02-15
9781975329747,2026-02-15
9781975329761,2026-02-15
9781975329785,2026-02-15
9781975329808,2026-02-15
9781975329822,2026-02-15
9781975329846,2026-02-15
9781975329860,2026-02-15
9781975329884,2026-02-15
9781975329907,2026-02-15
9781975329921,2026-02-15
9781975329945,2026-02-15
9781975329969,2026-02-15
9781975329983,2026-02-15
9781975330002,2026-02-15
9781975330026,2026-02-15
9781975330040,2026-02-15
9781975330064,2026-02-15
9781975330088,2026-02-15
9781975330101,2026-02-15
9781975330125,2026-02-15
9781975330149,2026-02-15
9781975330163,2026-02-15
9781975330187,2026-02-15
9781975330194,2026-02-15
9781975330224,2026-02-15
9781975330248,2026-02-15
9781975330262,2026-02-15
9781975330279,2026-02-15
9781975330293,2026-02-15
9781975330309,2026-02-15
9781975330354,2026-02-15
9781975330361,2026-02-15
9781975330385,2026-02-15
9781975330392,2026-02-15
9781975330415,2026-02-15
9781975330422,2026-02-15
9781975330446,
9781975330453,2026-02-15
9781975330477,2026-02-15
9781975330491,2026-02-15
9781975330507,2026-02-15
9781975330521,2026-02-15
9781975330538,2026-02-15
9781975330552,2026-02-15
9781975330576,2026-02-15
9781975330590,2026-02-15
9781975330613,2026-02-15
9781975330637,2026-02-15
9781975330651,
9781975330675,2026-02-15
9781975330699,2026-02-15
9781975330712,2026-02-15
9781975330736,2026-02-15
9781975330750,
9781975330774,2019-03-19
9781975330781,2019-05-21
9781975330798,2019-05-21
9781975330804,2026-02-15
9781975330828,2026-02-15
9781975330842,2026-02-15
9781975330866,2026-02-15
9781975330880,2026-02-15
9781975330903,2026-02-15
9781975330927,2026-02-15
9781975330941,2026-02-15
9781975330965,2026-02-15
9781975330989,2026-02-15
9781975331009,2026-02-15
9781975331023,2026-02-15
9781975331047,2026-02-15
9781975331061,2026-02-15
9781975331085,2026-02-15
9781975331108,2026-02-15
9781975331122,2026-02-15
9781975331146,2026-02-15
9781975331160,2026-02-15
9781975331184,2026-02-15
9781975331207,2026-02-15
9781975331221,2026-02-15
9781975331245,2019-10-01
9781975331252,2019-10-01
9781975331269,2019-12-17
9781975331276,2019-12-17
9781975331283,2020-03-24
9781975331290,2020-03-24
9781975331320,2026-02-15
9781975331344,2026-02-15
9781975331368,2026-02-15
9781975331382,2026-02-15
9781975331405,2026-02-15
9781975331412,2026-02-15
9781975331436,2026-02-15
9781975331443,2026-02-15
9781975331467,2026-02-15
9781975331474,2026-02-15
9781975331511,2019-09-03
9781975331528,2019-12-31
9781975331535,2019-12-31
9781975331542,2019-10-29
9781975331559,2019-10-29
9781975331566,2020-02-25
9781975331573,2020-02-25
9781975331580,2020-06-23
9781975331597,2020-06-23
9781975331603,2019-10-15
9781975331610,2019-12-31
9781975331627,2019-12-31
9781975331634,2020-05-26
9781975331641,2020-05-26
9781975331658,2020-09-22
9781975331665,2020-09-22
9781975331672,2026-02-15
9781975331689,2026-02-15
9781975331702,2026-02-15
9781975331719,2019-11-05
9781975331726,2019-11-05
9781975331733,2020-02-25
9781975331740,2020-02-25
9781975331757,2026-02-15
9781975331771,2019-07-23
9781975331788,2019-10-01
9781975331795,2019-10-01
9781975331801,2020-01-28
9781975331818,2020-01-28
9781975331825,2026-02-15
9781975331832,2026-02-15
9781975331924,2026-02-15
9781975332020,2026-02-15
9781975332037,2026-02-15
9781975332051,2026-02-15
9781975332068,2026-02-15
9781975332082,2026-02-15
9781975332181,2019-09-24
9781975332198,2026-02-15
9781975332204,2026-02-15
9781975332211,
9781975332228,
9781975332242,
9781975332259,
9781975332273,
9781975332280,
9781975332310,2026-02-15
9781975332327,2019-10-15
9781975332334,2019-08-27
9781975332341,2019-12-17
9781975332358,2019-12-17
9781975332365,2020-04-28
9781975332372,2020-04-28
9781975332389,2020-10-27
9781975332396,2020-10-27
9781975332402,2021-02-23
9781975332419,2021-02-23
9781975332426,2021-06-22
9781975332433,2021-06-22
9781975332440,2021-10-26
9781975332457,2021-10-26
9781975332464,2019-10-15
9781975332471,2019-12-31
9781975332488,2019-12-31
9781975332495,2020-04-07
9781975332501,2020-04-07
9781975332518,2021-04-27
9781975332525,2021-04-27
9781975332532,2021-09-14
9781975332549,2021-09-14
9781975332556,2022-01-18
9781975332563,2022-01-18
9781975332570,2019-10-15
9781975332587,2020-01-21
9781975332594,2020-01-21
9781975332600,2020-05-26
9781975332617,2020-05-26
9781975332624,2020-10-20
9781975332631,2020-10-20
9781975332648,2021-01-19
9781975332655,2021-01-19
9781975332662,2021-06-01
9781975332679,2021-06-01
9781975332686,2021-10-05
9781975332693,2021-10-05
9781975332709,2019-09-24
9781975332716,2019-12-17
9781975332723,2019-12-17
9781975332730,2020-04-21
9781975332747,2020-04-21
9781975332754,2020-12-15
9781975332761,2020-12-15
9781975332778,2020-09-22
9781975332785,2020-09-22
9781975332792,2026-02-15
9781975332808,2026-02-15
9781975332815,2026-02-15
9781975332822,2026-02-15
9781975332846,2026-02-15
9781975332853,2026-02-15
9781975332877,2026-02-15
9781975332884,2026-02-15
9781975332921,2026-02-15
9781975332938,2026-02-15
9781975332952,2020-01-28
9781975332969,2026-02-15
9781975332976,2026-02-15
9781975332983,
9781975332990,
9781975333003,
9781975333034,2026-02-15
9781975333058,2026-02-15
9781975333096,2026-02-15
9781975333119,2020-01-28
9781975333126,2026-02-15
9781975333133,2026-02-15
9781975333140,
9781975333157,
9781975333164,
9781975333195,2026-02-15
9781975333324,2021-12-21
9781975333331,2022-03-22
9781975333348,2022-03-22
9781975333355,2021-10-12
9781975333362,2021-10-12
9781975333379,2022-03-08
9781975333393,2022-03-08
9781975333409,2021-12-07
9781975333416,2021-12-07
9781975333423,2022-02-22
9781975333430,2022-02-22
9781975333447,2022-04-26
9781975333454,2022-04-26
9781975333461,2022-01-11
9781975333478,2022-01-11
9781975333492,2021-11-30
9781975333508,2021-11-30
9781975333515,2021-07-27
9781975333522,2021-07-27
9781975333539,2021-07-13
9781975333546,2021-07-13
9781975333553,2026-02-15
9781975333560,2026-02-15
9781975333584,2026-02-15
9781975333591,2026-02-15
9781975333607,2026-02-15
9781975333614,2026-02-15
9781975333638,2021-05-25
9781975333645,2021-10-05
9781975333652,2022-03-15
9781975333669,2022-07-12
9781975333676,2021-08-17
9781975333683,2021-02-20
9781975333836,2026-02-15
9781975333843,2026-02-15
9781975333867,2021-07-13
9781975333874,2026-02-15
9781975333881,2026-02-15
9781975333898,2026-02-15
9781975333904,2026-02-15
9781975333935,2022-05-17
9781975333942,2022-05-17
9781975333959,2023-04-18
9781975333966,2023-04-18
9781975333973,2023-08-22
9781975333980,2023-08-22
9781975333997,2023-12-12
9781975334000,2023-12-12
9781975334017,2024-06-18
9781975334024,2024-06-18
9781975334031,2024-10-29
9781975334048,2024-10-29
9781975334055,2021-10-12
9781975334062,2021-10-12
9781975334079,2022-02-22
9781975334086,2022-02-22
9781975334093,2022-07-05
9781975334109,2022-07-05
9781975334116,2022-11-08
9781975334123,2022-11-08
9781975334130,2023-04-18
9781975334147,2023-04-18
9781975334154,2023-08-29
9781975334161,2023-08-29
9781975334178,2023-12-12
9781975334185,2023-12-12
9781975334192,2024-04-16
9781975334208,2024-04-16
9781975334215,2022-01-04
9781975334222,2022-01-04
9781975334239,2022-04-26
9781975334246,2022-04-26
9781975334291,2026-02-15
9781975334307,2026-02-15
9781975334314,2022-03-29
9781975334321,2022-03-29
9781975334338,2021-11-23
9781975334345,2021-11-23
9781975334352,2026-02-15
9781975334369,2026-02-15
9781975334376,2026-02-15
9781975334383,2026-02-15
9781975334390,2026-02-15
9781975334406,2026-02-15
9781975334413,2026-02-15
9781975334420,2026-02-15
9781975334437,2026-02-15
9781975334444,2026-02-15
9781975334451,2026-02-15
9781975334468,2026-02-15
9781975334536,2026-02-15
9781975334543,2026-02-15
9781975334574,2022-02-22
9781975334581,2022-02-22
9781975334598,2022-10-11
9781975334604,2022-10-11
9781975334635,2023-03-21
9781975334642,2023-03-21
9781975334659,2022-06-21
9781975334666,2022-06-21
9781975334673,2023-07-18
9781975334680,2023-07-18
9781975334871,2026-02-15
9781975334888,2026-02-15
9781975334895,2026-02-15
9781975334901,2026-02-15
9781975334918,2026-02-15
9781975334925,2026-02-15
9781975334932,2026-02-15
9781975334949,2026-02-15
9781975334956,2026-02-15
9781975334963,2026-02-15
9781975334970,2026-02-15
9781975334987,2026-02-15
9781975335007,2022-01-18
9781975335014,2022-01-18
9781975335021,2022-07-12
9781975335038,2022-07-12
9781975335045,2022-11-22
9781975335052,2022-11-22
9781975335069,2023-06-20
9781975335076,2023-06-20
9781975335083,2021-11-09
9781975335137,2022-05-24
9781975335144,2022-05-24
9781975335212,2026-02-15
9781975335229,2026-02-15
9781975335250,2021-11-09
9781975335267,2021-11-09
9781975335274,2022-02-22
9781975335281,2022-02-22
9781975335298,2022-07-26
9781975335304,2022-07-26
9781975335311,2022-11-22
9781975335328,2022-11-22
9781975335335,2023-03-21
9781975335342,2023-03-21
9781975335359,2023-06-20
9781975335366,2023-06-20
9781975335373,2023-10-24
9781975335380,2023-10-24
9781975335397,2024-03-19
9781975335403,2024-03-19
9781975335410,2021-11-09
9781975335427,2022-02-22
9781975335434,2022-02-22
9781975335441,2022-01-18
9781975335458,2022-01-18
9781975335465,2022-11-22
9781975335472,2022-11-22
9781975335489,2022-08-02
9781975335496,2022-08-02
9781975335502,2022-04-19
9781975335519,2022-04-19
9781975335526,
9781975335533,2026-02-15
9781975335540,2026-02-15
9781975335557,2026-02-15
9781975335564,2026-02-15
9781975335571,2026-02-15
9781975335588,2026-02-15
9781975335595,2026-02-15
9781975335601,
9781975335618,2026-02-15
9781975335625,2026-02-15
9781975335632,2026-02-15
9781975335649,2026-02-15
9781975335656,2026-02-15
9781975335663,2026-02-15
9781975335670,2026-02-15
9781975335687,2026-02-15
9781975335694,2026-02-15
9781975335700,2026-02-15
9781975335717,2026-02-15
9781975335724,2026-02-15
9781975335731,2026-02-15
9781975335748,2021-06-22
9781975335755,2026-02-15
9781975335762,
9781975335786,2026-02-15
9781975335793,2026-02-15
9781975335809,2021-11-30
9781975335816,2021-11-30
9781975335830,2026-02-15
9781975335847,2026-02-15
9781975335854,2026-02-15
9781975335861,2026-02-15
9781975335878,2022-02-08
9781975335885,2022-02-08
9781975335892,
9781975335908,2026-02-15
9781975335939,2026-02-15
9781975335946,2026-02-15
9781975335953,2026-02-15
9781975335960,2026-02-15
9781975335977,2026-02-15
9781975335984,2026-02-15
9781975335991,2026-02-15
9781975336004,2026-02-15
9781975336011,2022-12-13
9781975336028,2022-12-13
9781975336035,2026-02-15
9781975336042,2026-02-15
9781975336059,2026-02-15
9781975336066,2026-02-15
9781975336097,2026-02-15
9781975336103,2026-02-15
9781975336158,2026-02-15
9781975336165,2026-02-15
9781975336196,2026-02-15
9781975336202,2026-02-15
9781975336219,2026-02-15
9781975336226,2026-02-15
9781975336233,2026-02-15
9781975336240,2026-02-15
9781975336257,2026-02-15
9781975336264,2026-02-15
9781975336295,2026-02-15
9781975336301,2026-02-15
9781975336318,2026-02-15
9781975336325,2026-02-15
9781975336356,2026-02-15
9781975336363,2026-02-15
9781975336394,2026-02-15
9781975336400,2026-02-15
9781975336417,2026-02-15
9781975336424,2026-02-15
9781975336431,2026-02-15
9781975336448,2026-02-15
9781975336455,2022-05-03
9781975336462,2022-05-03
9781975336479,2026-02-15
9781975336486,2026-02-15
9781975336530,
9781975336547,
9781975336554,
9781975336561,
9781975336578,2026-02-15
9781975336585,2026-02-15
9781975336691,2026-02-15
9781975336707,2026-02-15
9781975336714,2026-02-15
9781975336721,2026-02-15
9781975336738,2026-02-15
9781975336745,2026-02-15
9781975336752,2026-02-15
9781975336769,2026-02-15
9781975336776,2026-02-15
9781975336783,2026-02-15
9781975336790,
9781975336806,2026-02-15
9781975336813,2022-01-18
9781975336820,2022-01-18
9781975336837,2022-05-03
9781975336844,2022-05-03
9781975336851,2022-08-23
9781975336868,2022-08-23
9781975336875,2023-01-17
9781975336882,2023-01-17
9781975336899,2023-07-18
9781975336905,2023-07-18
9781975336912,2023-11-21
9781975336929,2023-11-21
9781975336936,2022-01-18
9781975336943,2022-01-18
9781975336950,2022-05-17
9781975336967,2022-05-17
9781975336974,2022-10-18
9781975336981,2022-10-18
9781975336998,2021-11-30
9781975337001,2021-11-30
9781975337018,2022-05-24
9781975337025,2022-05-24
9781975337032,2022-10-18
9781975337049,2022-10-18
9781975337056,2026-02-15
9781975337063,2026-02-15
9781975337070,2026-02-15
9781975337087,2026-02-15
9781975337094,2026-02-15
9781975337100,2026-02-15
9781975337117,2022-01-18
9781975337124,2022-01-18
9781975337131,2026-02-15
9781975337148,2026-02-15
9781975337155,2026-02-15
9781975337162,2026-02-15
9781975337186,2021-08-10
9781975337193,2022-03-15
9781975337209,2021-10-19
9781975337216,2021-12-14
9781975337223,2022-02-22
9781975337346,2026-02-15
9781975337353,2026-02-15
9781975337360,2026-02-15
9781975337377,2026-02-15
9781975337391,2026-02-15
9781975337407,2026-02-15
9781975337452,2021-11-16
9781975337490,2021-09-14
9781975337513,2026-02-15
9781975337520,2026-02-15
9781975337537,
9781975337766,2026-02-15
9781975337773,2026-02-15
9781975337780,
9781975337797,2026-02-15
9781975337803,2022-04-12
9781975337810,2022-04-12
9781975337827,2022-08-16
9781975337834,2022-08-16
9781975337841,2022-12-13
9781975337858,2022-12-13
9781975337865,2022-05-03
9781975337872,2022-05-03
9781975337889,2022-09-06
9781975337896,2022-09-06
9781975337902,2023-03-21
9781975337919,2023-03-21
9781975337926,2023-07-18
9781975337933,2023-07-18
9781975337940,2022-08-16
9781975337957,2022-08-16
9781975337964,2022-11-08
9781975338008,2022-11-08
9781975338015,2023-02-21
9781975338022,2023-02-21
9781975338091,2026-02-15
9781975338121,2026-02-15
9781975338138,2026-02-15
9781975338145,2026-02-15
9781975338152,2026-02-15
9781975338169,2026-02-15
9781975338176,2026-02-15
9781975338183,2026-02-15
9781975338190,2026-02-15
9781975338206,2026-02-15
9781975338213,2026-02-15
9781975338237,2026-02-15
9781975338244,2026-02-15
9781975338251,2026-02-15
9781975338268,2026-02-15
9781975338275,2026-02-15
9781975338282,2026-02-15
9781975338299,2026-02-15
9781975338336,2021-12-14
9781975338350,2022-11-15
9781975338374,2022-03-15
9781975338381,2022-01-11
9781975338398,2022-07-05
9781975338404,2022-10-04
9781975338411,2023-01-17
9781975338442,
9781975338459,
9781975338466,2022-02-15
9781975338480,2022-04-12
9781975338503,2026-02-15
9781975338510,2026-02-15
9781975338527,2026-02-15
9781975338534,2026-02-15
9781975338541,2022-03-22
9781975338558,2022-03-22
9781975338565,2022-08-02
9781975338572,2022-08-02
9781975338602,2026-02-15
9781975338619,2026-02-15
9781975338626,2022-03-15
9781975338633,2022-03-15
9781975338640,2026-02-15
9781975338657,2026-02-15
9781975338664,2026-02-15
9781975338671,2026-02-15
9781975338701,2026-02-15
9781975338718,2026-02-15
9781975338725,2026-02-15
9781975338732,2026-02-15
9781975338749,2026-02-15
9781975338756,2026-02-15
9781975338800,2026-02-15
9781975338817,2026-02-15
9781975338824,2022-05-17
9781975338831,2022-05-17
9781975338848,2022-10-18
9781975338855,2022-10-18
9781975338862,2026-02-15
9781975338879,2026-02-15
9781975338909,2026-02-15
9781975338916,2026-02-15
9781975338923,2026-02-15
9781975338930,2026-02-15
9781975338947,2026-02-15
9781975338954,2026-02-15
9781975338961,2026-02-15
9781975338978,2026-02-15
9781975338985,2026-02-15
9781975338992,2026-02-15
9781975339005,2026-02-15
9781975339012,2026-02-15
9781975339029,
9781975339036,2026-02-15
9781975339043,2026-02-15
9781975339050,2022-03-15
9781975339067,2022-08-16
9781975339074,2023-02-21
9781975339081,2023-06-20
9781975339098,2022-05-24
9781975339104,2022-05-24
9781975339111,2022-05-17
9781975339128,2022-05-17
9781975339135,2026-02-15
9781975339142,2026-02-15
9781975339159,
9781975339166,2026-02-15
9781975339173,2026-02-15
9781975339180,2026-02-15
9781975339197,2026-02-15
9781975339203,2026-02-15
9781975339210,2026-02-14
9781975339227,2026-02-14
9781975339234,2026-02-14
9781975339241,2026-02-14
9781975339258,2022-10-04
9781975339265,2023-01-17
9781975339494,2022-04-19
9781975339500,2022-04-19
9781975339517,2022-09-20
9781975339524,2022-09-20
9781975339531,2022-12-13
9781975339548,2022-12-13
9781975339555,2023-04-18
9781975339562,2023-04-18
9781975339579,2022-04-19
9781975339586,2022-04-19
9781975339593,2022-08-16
9781975339609,2022-08-16
9781975339616,2022-11-22
9781975339623,2022-11-22
9781975339647,2026-02-15
9781975339654,2022-06-07
9781975339661,2022-06-07
9781975339678,2022-06-28
9781975339685,2022-06-28
9781975339692,2022-05-03
9781975339708,2022-05-03
9781975339715,2022-09-06
9781975339722,2022-09-06
9781975339739,2026-02-15
9781975339746,2026-02-15
9781975339777,2026-02-15
9781975339784,2026-02-15
9781975339791,2022-01-18
9781975339807,2022-01-18
9781975339814,2026-02-15
9781975339821,2026-02-15
9781975339852,2022-01-18
9781975339869,2022-01-18
9781975339890,2026-02-15
9781975339906,2026-02-15
9781975339913,2022-01-18
9781975339920,2022-01-18
9781975339951,2026-02-15
9781975339999,2022-02-22
9781975340001,2022-02-22
9781975340018,2026-02-15
9781975340025,2026-02-15
9781975340032,2026-02-15
9781975340049,2026-02-15
9781975340056,2026-02-15
9781975340063,2026-02-15
9781975340070,2026-02-15
9781975340087,2026-02-15
9781975340155,2026-02-15
9781975340162,2026-02-15
9781975340179,2026-02-15
9781975340186,2026-02-15
9781975340193,2026-02-15
9781975340209,2026-02-15
9781975340216,2026-02-15
9781975340223,2026-02-15
9781975340230,2026-02-15
9781975340247,2026-02-15
9781975340254,2026-02-15
9781975340261,2026-02-15
9781975340278,
9781975340285,2026-02-15
9781975340292,2026-02-15
9781975340308,2026-02-15
9781975340315,2026-02-15
9781975340322,2026-02-15
9781975340339,2026-02-15
9781975340346,2026-02-15
9781975340353,2026-02-15
9781975340360,2026-02-15
9781975340377,2026-02-14
9781975340384,2026-02-14
9781975340391,2026-02-14
9781975340407,
9781975340414,2026-02-14
9781975340421,2026-02-14
9781975340438,2022-03-22
9781975340445,2022-03-22
9781975340452,2022-03-29
9781975340469,2022-03-29
9781975340476,2022-10-04
9781975340483,2022-10-04
9781975340490,2023-01-17
9781975340506,2023-01-17
9781975340513,2023-04-18
9781975340520,2023-04-18
9781975340537,2022-05-24
9781975340544,2022-05-24
9781975340551,2022-11-08
9781975340568,2022-11-08
9781975340575,2024-02-20
9781975340582,2024-02-20
9781975340599,2026-02-15
9781975340605,
9781975340612,2026-02-15
9781975340629,2026-02-15
9781975340643,2026-02-15
9781975340650,2026-02-15
9781975340704,2026-02-15
9781975340711,2026-02-15
9781975340728,2026-02-15
9781975340735,2026-02-15
9781975340742,2026-02-15
9781975340759,2026-02-15
9781975340766,2026-02-15
9781975340773,2026-02-15
9781975340780,2026-02-15
9781975340797,2026-02-15
9781975340803,2026-02-15
9781975340810,2026-02-15
9781975340827,2026-02-15
9781975340834,2026-02-15
9781975340841,2026-02-15
9781975340858,2026-02-15
9781975340865,2026-02-15
9781975340872,2026-02-15
9781975340889,2026-02-15
9781975340896,2026-02-15
9781975340902,2022-04-19
9781975340919,2022-04-19
9781975340926,2026-02-15
9781975340933,2026-02-15
9781975340940,2026-02-15
9781975340957,2026-02-15
9781975340964,
9781975340971,2026-02-15
9781975340988,2026-02-15
9781975340995,
9781975341008,2026-02-15
9781975341015,2026-02-15
9781975341022,2026-02-14
9781975341039,2026-02-14
9781975341046,2026-02-14
9781975341053,2026-02-14
9781975341060,2026-02-14
9781975341077,2026-02-14
9781975341084,2026-02-15
9781975341091,2026-02-15
9781975341107,2026-02-15
9781975341114,2026-02-15
9781975341121,2026-02-15
9781975341138,2026-02-15
9781975341145,2026-02-15
9781975341152,2026-02-15
9781975341169,2026-02-15
9781975341176,2026-02-15
9781975341206,2026-02-15
9781975341213,2026-02-15
9781975341220,2026-02-15
9781975341237,2026-02-15
9781975341244,
9781975341251,
9781975341268,2026-02-15
9781975341275,2026-02-15
9781975341282,2026-02-15
9781975341299,2026-02-15
9781975341305,2026-02-14
9781975341312,2026-02-14
9781975341329,2026-02-14
9781975341336,2026-02-14
9781975341343,2026-02-14
9781975341350,2026-02-14
9781975341428,2026-02-15
9781975341435,2026-02-15
9781975341442,2026-02-15
9781975341459,2026-02-15
9781975341466,2026-02-15
9781975341473,2026-02-15
9781975341480,2026-02-15
9781975341510,2022-11-22
9781975341527,2022-11-22
9781975341619,2026-02-15
9781975341626,2026-02-15
9781975341695,2026-02-15
9781975341701,2026-02-15
9781975341718,2026-02-15
9781975341725,
9781975341732,2026-02-15
9781975341749,2026-02-15
9781975341756,2022-06-21
9781975341763,2022-06-21
9781975341824,2026-02-15
9781975341831,2026-02-15
9781975341848,2022-06-07
9781975341855,2022-06-07
9781975341862,2026-02-15
9781975341879,2026-02-15
9781975341886,2026-02-15
9781975341893,2026-02-15
9781975341909,2026-02-15
9781975341916,2026-02-15
9781975341923,2026-02-15
9781975341930,2026-02-15
9781975341947,2026-02-15
9781975341954,2026-02-15
9781975341961,2026-02-15
9781975341978,2026-02-15
9781975342005,2022-08-16
9781975342012,2022-08-16
9781975342029,2023-07-18
9781975342036,2023-07-18
9781975342043,2022-04-19
9781975342050,2022-04-19
9781975342111,2026-02-15
9781975342128,2026-02-15
9781975342135,
9781975342142,2026-02-15
9781975342470,2026-02-15
9781975342487,2026-02-15
9781975342555,2026-02-15
9781975342562,2026-02-15
9781975342579,2026-02-15
9781975342784,2026-02-15
9781975342791,2026-02-15
9781975342845,2026-02-15
9781975342852,
9781975342920,2022-11-22
9781975342937,2022-11-22
9781975342982,2026-02-15
9781975342999,2026-02-15
9781975343026,2022-06-28
9781975343033,2022-06-28
9781975343040,2022-04-26
9781975343057,2022-04-26
9781975343064,2022-11-22
9781975343071,2022-11-22
9781975343088,2023-03-21
9781975343095,2023-03-21
9781975343101,2022-08-02
9781975343118,2022-08-02
9781975343125,2023-05-23
9781975343132,2023-05-23
9781975343149,2022-11-08
9781975343156,2022-11-08
9781975343163,2022-11-22
9781975343170,2022-11-22
9781975343187,2023-05-23
9781975343194,2023-05-23
9781975343200,2023-10-24
9781975343217,2023-10-24
9781975343224,2024-04-16
9781975343231,2024-04-16
9781975343248,2022-07-12
9781975343255,2022-07-12
9781975343262,2022-11-08
9781975343279,2022-11-08
9781975343286,2023-03-21
9781975343293,2023-03-21
9781975343309,2022-06-28
9781975343316,2022-06-28
9781975343323,2022-11-22
9781975343330,2022-11-22
9781975343347,2022-05-17
9781975343354,2022-05-17
9781975343361,2022-10-18
9781975343378,2022-10-18
9781975343385,2022-06-07
9781975343392,2022-06-07
9781975343408,2022-09-20
9781975343415,2022-09-20
9781975343422,2022-10-18
9781975343439,2022-10-18
9781975343446,2022-12-13
9781975343453,2022-12-13
9781975343460,2022-06-28
9781975343477,2022-06-28
9781975343484,2022-12-13
9781975343491,2022-12-13
9781975343507,2023-06-20
9781975343514,2023-06-20
9781975343521,2022-08-16
9781975343538,2022-08-16
9781975343545,2022-10-11
9781975343552,2022-10-11
9781975343569,2022-05-10
9781975343576,2022-07-12
9781975343583,2022-10-11
9781975343590,2023-01-10
9781975343613,2022-06-14
9781975343620,2022-09-13
9781975343637,2022-12-13
9781975343644,2026-02-15
9781975343651,2026-02-15
9781975343682,2026-02-15
9781975343699,2026-02-15
9781975343705,2026-02-15
9781975343712,2026-02-15
9781975343811,2022-11-08
9781975343828,2022-11-08
9781975343835,2022-05-31
9781975343842,2022-05-31
9781975343873,2026-02-15
9781975343880,2026-02-15
9781975343897,2026-02-15
9781975343903,2026-02-15
9781975343910,2022-12-13
9781975343927,2022-12-13
9781975343934,2022-08-16
9781975343941,2022-08-16
9781975343958,2023-02-21
9781975343965,2023-02-21
9781975343972,2023-09-19
9781975343989,2023-09-19
9781975343996,2023-12-12
9781975344009,2023-12-12
9781975344016,2024-05-21
9781975344023,2024-05-21
9781975344030,2024-10-15
9781975344047,2024-10-15
9781975344054,2025-03-18
9781975344061,2025-03-18
9781975344078,2022-08-02
9781975344085,2022-08-02
9781975344092,2022-06-14
9781975344108,2022-09-13
9781975344115,2022-12-13
9781975344122,2023-03-14
9781975344177,2022-06-28
9781975344184,2022-06-28
9781975344191,2022-08-16
9781975344207,2022-08-16
9781975344214,2022-11-22
9781975344221,2022-11-22
9781975344238,2023-03-21
9781975344245,2023-03-21
9781975344252,2023-07-18
9781975344269,2023-07-18
9781975344276,2023-11-21
9781975344283,2023-11-21
9781975344290,2023-07-18
9781975344306,2023-07-18
9781975344313,2024-04-23
9781975344320,2024-04-23
9781975344337,2026-02-15
9781975344344,2026-02-15
9781975344351,2026-02-15
9781975344368,2026-02-15
9781975344375,2026-02-15
9781975344405,2022-10-25
9781975344412,2022-10-25
9781975344627,2026-02-15
9781975344634,2026-02-15
9781975344641,2026-02-15
9781975344658,2026-02-15
9781975344696,
9781975344702,
9781975344719,
9781975344726,
9781975344795,
9781975344801,
9781975344818,2026-02-15
9781975344825,2026-02-15
9781975344832,2026-02-15
9781975344849,2026-02-15
9781975344894,2026-02-15
9781975344900,2026-02-15
9781975344917,2026-02-15
9781975344924,2026-02-15
9781975344931,2026-02-15
9781975344948,2026-02-15
9781975344962,2026-02-15
9781975344979,
9781975345020,2026-02-15
9781975345037,2026-02-15
9781975345044,2026-02-15
9781975345099,
9781975345105,2026-02-15
9781975345112,2026-02-15
9781975345143,2026-02-15
9781975345150,2026-02-15
9781975345167,2022-10-18
9781975345174,2022-10-18
9781975345181,2024-01-23
9781975345198,2024-01-23
9781975345204,2024-05-21
9781975345211,2024-05-21
9781975345228,2024-09-24
9781975345235,2024-09-24
9781975345242,2025-01-21
9781975345259,2025-01-21
9781975345266,2026-02-15
9781975345273,2026-02-15
9781975345280,
9781975345297,2026-02-15
9781975345389,2023-01-17
9781975345396,2023-01-17
9781975345419,2026-02-15
9781975345426,2026-02-15
9781975345433,2026-02-15
9781975345440,2026-02-15
9781975345457,2026-02-15
9781975345464,2026-02-15
9781975345471,2026-02-15
9781975345488,2026-02-15
9781975345495,2022-05-17
9781975345501,2022-05-17
9781975345518,2022-05-10
9781975345556,2026-02-15
9781975345563,2026-02-15
9781975345594,2022-08-23
9781975345600,2022-08-23
9781975345617,2022-10-04
9781975345624,2022-10-04
9781975345655,2022-09-06
9781975345662,2022-09-06
9781975345686,2026-02-15
9781975345693,2026-02-15
9781975345709,2026-02-15
9781975345716,2026-02-15
9781975345723,2026-02-15
9781975345730,2026-02-15
9781975345747,2022-03-15
9781975345754,2022-08-16
9781975345761,2023-02-21
9781975345778,2023-06-20
9781975345785,2026-02-15
9781975345792,2026-02-15
9781975345808,2026-02-15
9781975345815,2026-02-15
9781975345822,2026-02-15
9781975345839,2026-02-15
9781975345846,2026-02-15
9781975345853,2026-02-15
9781975345860,
9781975345877,2026-02-15
9781975345884,2026-02-15
9781975345891,2026-02-15
9781975345907,2026-02-15
9781975345914,2026-02-15
9781975345921,2026-02-15
9781975345938,2026-02-15
9781975345945,2026-02-15
9781975345952,2026-02-15
9781975345969,2026-02-15
9781975345976,2026-02-15
9781975345983,2026-02-15
9781975345990,2026-02-15
9781975346003,2026-02-14
9781975346010,2026-02-14
9781975346027,2026-02-14
9781975346034,2026-02-14
9781975346041,2026-02-15
9781975346058,2026-02-15
9781975346065,2026-02-15
9781975346072,
9781975346089,2026-02-15
9781975346096,2026-02-15
9781975346102,2026-02-15
9781975346119,2026-02-15
9781975346126,2026-02-15
9781975346133,2026-02-15
9781975346140,2026-02-15
9781975346157,2026-02-15
9781975346164,2026-02-15
9781975346171,2026-02-15
9781975346188,2026-02-14
9781975346195,2026-02-14
9781975346201,2026-02-15
9781975346218,2026-02-15
9781975346225,2026-02-15
9781975346232,2026-02-15
9781975346249,
9781975346256,2026-02-15
9781975346263,2026-02-15
9781975346270,2026-02-15
9781975346287,2026-02-14
9781975346294,2026-02-14
9781975346300,
9781975346317,2026-02-14
9781975346324,2026-02-14
9781975346331,2026-02-14
9781975346348,2026-02-14
9781975346355,2026-02-14
9781975346362,2026-02-14
9781975346379,2026-02-14
9781975346386,2026-02-14
9781975346393,2026-02-14
9781975346409,2026-02-14
9781975346416,2026-02-14
9781975346423,2026-02-14
9781975346430,2026-02-14
9781975346485,2026-02-15
9781975346492,2026-02-15
9781975346508,
9781975346515,2026-02-15
9781975346522,2026-02-15
9781975346539,2026-02-15
9781975346546,2026-02-15
9781975346553,2026-02-15
9781975346560,2026-02-14
9781975346577,2026-02-14
9781975346584,2026-02-14
9781975346591,2026-02-14
9781975346607,2026-02-14
9781975346614,2026-02-14
9781975346621,2026-02-14
9781975346638,2026-02-14
9781975346645,2026-02-14
9781975346652,2026-02-14
9781975346669,2026-02-14
9781975346676,
9781975346683,2026-02-15
9781975346690,2026-02-15
9781975346706,2026-02-15
9781975346713,2026-02-15
9781975346720,2026-02-15
9781975346737,2026-02-15
9781975346744,2026-02-15
9781975346751,2026-02-15
9781975346768,2026-02-15
9781975346775,2026-02-15
9781975346782,2022-07-12
9781975346799,2022-10-11
9781975346805,2023-01-10
9781975346812,2023-04-11
9781975346867,2022-08-09
9781975346874,2022-11-08
9781975346881,2023-02-07
9781975346928,2022-10-11
9781975346935,2023-02-14
9781975346942,2023-05-16
9781975346959,2023-09-12
9781975347222,2026-02-15
9781975347239,2026-02-15
9781975347246,2026-02-15
9781975347253,2026-02-15
9781975347260,2026-02-15
9781975347291,2026-02-15
9781975347307,2026-02-15
9781975347314,2026-02-15
9781975347321,2026-02-15
9781975347338,2026-02-15
9781975347345,2026-02-15
9781975347376,2026-02-15
9781975347383,2026-02-15
9781975347390,2026-02-15
9781975347406,2026-02-15
9781975347413,2026-02-15
9781975347420,2026-02-15
9781975347437,2026-02-15
9781975347444,2026-02-15
9781975347468,2026-02-15
9781975347475,2026-02-15
9781975347482,2026-02-15
9781975347499,2026-02-15
9781975347505,2026-02-15
9781975347512,2026-02-15
9781975347789,2026-02-15
9781975347796,2026-02-15
9781975347802,2022-08-23
9781975347819,2022-08-23
9781975347826,2022-11-22
9781975347833,2022-11-22
9781975347840,2022-11-22
9781975347857,2022-11-22
9781975347864,2023-02-21
9781975347871,2023-02-21
9781975347888,2026-02-15
9781975347918,2026-02-15
9781975347925,2026-02-15
9781975347932,2022-10-18
9781975347949,2022-10-18
9781975347956,2023-11-21
9781975347963,2023-11-21
9781975347970,2024-04-23
9781975347987,2024-04-23
9781975347994,2022-09-20
9781975348007,2022-09-20
9781975348014,2022-10-18
9781975348021,2022-10-18
9781975348038,2026-02-15
9781975348045,2026-02-15
9781975348083,2026-02-15
9781975348090,2026-02-15
9781975348120,2026-02-15
9781975348137,2026-02-15
9781975348144,2023-01-17
9781975348151,2023-01-17
9781975348168,2023-05-23
9781975348175,2023-05-23
9781975348229,2022-02-03
9781975348250,2022-10-04
9781975348267,2022-10-04
9781975348274,2023-02-21
9781975348281,2023-02-21
9781975348298,2022-10-18
9781975348304,2022-10-18
9781975348311,2023-05-23
9781975348328,2023-05-23
9781975348335,2022-12-13
9781975348342,2022-12-13
9781975348359,2023-03-14
9781975348373,2022-07-12
9781975348397,2022-11-15
9781975348410,2023-01-10
9781975348434,2023-04-18
9781975348458,2023-02-21
9781975348465,2023-02-21
9781975348472,2022-12-13
9781975348489,2022-12-13
9781975348496,2022-11-22
9781975348502,2022-11-22
9781975348519,2023-06-20
9781975348526,2023-06-20
9781975348533,
9781975348540,2022-11-08
9781975348557,2022-11-08
9781975348564,2022-11-22
9781975348571,2022-11-22
9781975348588,2022-10-11
9781975348595,2022-10-11
9781975348601,2022-11-22
9781975348618,2022-11-22
9781975348625,2023-04-18
9781975348632,2023-04-18
9781975348649,2022-11-22
9781975348656,2022-11-22
9781975348663,2026-02-15
9781975348670,2026-02-15
9781975348687,2026-02-15
9781975348694,2026-02-15
9781975348700,2026-02-15
9781975348717,2026-02-15
9781975348724,2026-02-15
9781975348731,2026-02-15
9781975348809,2026-02-15
9781975348816,2026-02-15
9781975348823,2026-02-15
9781975348830,2026-02-15
9781975348861,2026-02-15
9781975348878,2026-02-15
9781975348885,2026-02-15
9781975348892,2026-02-15
9781975348908,2026-02-15
9781975348915,2026-02-15
9781975348922,2026-02-14
9781975348939,2026-02-14
9781975348946,2026-02-14
9781975348953,2026-02-14
9781975348960,2023-03-21
9781975348977,2023-03-21
9781975348984,2026-02-15
9781975348991,2026-02-15
9781975349004,2026-02-15
9781975349370,2026-02-15
9781975349387,2026-02-15
9781975349394,2026-02-15
9781975349424,2026-02-15
9781975349431,2026-02-15
9781975349455,2026-02-15
9781975349462,2026-02-15
9781975349479,2026-02-15
9781975349523,2026-02-15
9781975349530,2026-02-15
9781975349547,
9781975349554,2026-02-15
9781975349585,2026-02-15
9781975349592,2026-02-15
9781975349608,2026-02-15
9781975349615,2026-02-15
9781975349622,2026-02-15
9781975349639,2026-02-15
9781975349646,2026-02-15
9781975349653,2026-02-15
9781975349660,2026-02-15
9781975349677,2026-02-15
9781975349684,2026-02-15
9781975349691,2026-02-15
9781975349707,
9781975349714,2026-02-15
9781975349745,2026-02-15
9781975349752,2026-02-15
9781975349783,2026-02-15
9781975349790,2026-02-15
9781975349844,2026-02-15
9781975349851,2026-02-15
9781975349868,2026-02-15
9781975349875,2026-02-15
9781975349882,2026-02-15
9781975349943,2023-02-21
9781975349950,2023-02-21
9781975349967,2022-11-22
9781975349974,2022-11-22
9781975349981,2022-11-22
9781975349998,2022-11-22
9781975350000,2022-10-04
9781975350017,2022-10-04
9781975350062,2023-03-21
9781975350079,2023-03-21
9781975350086,2022-12-13
9781975350093,2022-12-13
9781975350109,2023-05-23
9781975350116,2023-05-23
9781975350123,2023-10-17
9781975350130,2023-10-17
9781975350147,2024-03-26
9781975350154,2024-03-26
9781975350161,2023-01-17
9781975350178,2023-01-17
9781975350185,2026-02-15
9781975350192,2026-02-15
9781975350222,2026-02-15
9781975350239,
9781975350246,2026-02-15
9781975350253,
9781975350260,2023-11-21
9781975350277,2023-11-21
9781975350284,2023-08-22
9781975350291,2023-08-22
9781975350307,2023-06-20
9781975350314,2023-06-20
9781975350321,2023-10-24
9781975350338,2023-10-24
9781975350345,2024-02-20
9781975350352,2024-02-20
9781975350369,2024-06-18
9781975350376,2024-06-18
9781975350383,2023-11-21
9781975350390,2023-11-21
9781975350406,2024-04-16
9781975350413,2024-04-16
9781975350420,2024-08-20
9781975350437,2024-08-20
9781975350444,2024-12-10
9781975350451,2024-12-10
9781975350468,2025-05-20
9781975350475,2025-05-20
9781975350482,2023-04-11
9781975350499,2023-04-11
9781975350512,2023-07-18
9781975350529,2023-07-18
9781975350536,2023-07-25
9781975350543,2023-07-25
9781975350550,2023-06-20
9781975350567,2023-06-20
9781975350710,2026-02-15
9781975350727,2026-02-15
9781975350734,2026-02-15
9781975350741,2026-02-15
9781975350758,2026-02-15
9781975350765,2026-02-15
9781975350796,2026-02-15
9781975350802,2026-02-15
9781975350956,2023-09-19
9781975350963,2023-09-19
9781975350970,2023-01-17
9781975350987,2023-01-17
9781975350994,2023-04-18
9781975351007,2023-04-18
9781975351014,2023-09-19
9781975351021,2023-09-19
9781975351038,2024-02-20
9781975351045,2024-02-20
9781975351052,2024-06-18
9781975351069,2024-06-18
9781975351090,2026-02-14
9781975351106,
9781975351113,2026-02-14
9781975351120,2026-02-15
9781975351137,2026-02-15
9781975351175,2026-02-15
9781975351182,2026-02-15
9781975351199,
9781975351205,2026-02-15
9781975351502,2022-11-22
9781975351519,2022-11-22
9781975351526,2026-02-15
9781975351533,2026-02-15
9781975351540,2026-02-15
9781975351557,2026-02-15
9781975351564,2026-02-15
9781975351571,2026-02-15
9781975351588,2023-08-08
9781975351595,2026-02-14
9781975351601,2026-02-14
9781975351618,2026-02-14
9781975351625,2026-02-14
9781975351632,2023-04-18
9781975351649,2023-04-18
9781975351656,2023-04-18
9781975351663,2023-04-18
9781975351670,2023-05-23
9781975351687,2023-05-23
9781975351694,2023-03-21
9781975351700,2023-03-21
9781975351731,2026-02-15
9781975351748,2026-02-15
9781975351755,2026-02-15
9781975351809,2026-02-15
9781975351816,2026-02-15
9781975351823,2026-02-15
9781975351830,2026-02-15
9781975351861,2023-02-21
9781975351878,2023-02-21
9781975351885,2023-06-20
9781975351892,2023-06-20
9781975352004,2026-02-15
9781975352011,2026-02-15
9781975352028,
9781975352035,2026-02-15
9781975352042,2023-02-21
9781975352059,2023-02-21
9781975352080,2026-02-15
9781975352097,2026-02-15
9781975352103,2023-04-18
9781975352110,2023-04-18
9781975352127,2023-02-28
9781975352134,2023-02-28
9781975352141,2026-02-15
9781975352158,2026-02-15
9781975352165,2022-11-22
9781975352172,2022-11-22
9781975352189,2023-06-20
9781975352196,2023-06-20
9781975352202,2023-11-21
9781975352219,2023-11-21
9781975352226,2023-01-17
9781975352233,2023-01-17
9781975352240,2023-05-23
9781975352257,2023-05-23
9781975352264,2023-11-28
9781975352271,2023-11-28
9781975352288,2026-02-15
9781975352318,2026-02-15
9781975352325,2026-02-15
9781975352332,2023-10-03
9781975352349,2023-10-03
9781975352356,2024-03-19
9781975352363,2024-03-19
9781975352370,2026-02-15
9781975352387,2026-02-15
9781975352394,2026-02-15
9781975352400,2026-02-15
9781975352417,2026-02-15
9781975352424,2026-02-15
9781975352431,2026-02-15
9781975352448,2026-02-15
9781975352455,2026-02-14
9781975352462,2026-02-14
9781975352479,2026-02-14
9781975352486,2026-02-14
9781975352493,2026-02-14
9781975352509,2026-02-14
9781975352516,
9781975352523,2026-02-14
9781975352530,2026-02-14
9781975352547,2026-02-14
9781975352554,2026-02-14
9781975352561,2026-02-14
9781975352578,2026-02-15
9781975352585,
9781975352592,2026-02-15
9781975352608,2026-02-15
9781975352615,
9781975352622,2026-02-15
9781975352639,2026-02-14
9781975352646,2026-02-14
9781975352653,2026-02-14
9781975352660,2026-02-14
9781975352677,2026-02-15
9781975352684,2026-02-15
9781975352691,2026-02-15
9781975352707,2026-02-15
9781975352714,
9781975352721,2026-02-15
9781975352776,2023-07-18
9781975352783,2023-07-18
9781975352790,2023-03-21
9781975352806,2023-03-21
9781975352813,2026-02-15
9781975352820,2026-02-15
9781975352837,2022-12-13
9781975352844,2022-12-13
9781975352851,2023-04-18
9781975352868,2023-04-18
9781975352875,2023-08-22
9781975352882,2023-08-22
9781975352974,2023-05-23
9781975352981,2023-05-23
9781975352998,2023-09-19
9781975353001,2023-09-19
9781975353018,2024-02-20
9781975353025,2024-02-20
9781975353032,2024-07-23
9781975353049,2024-07-23
9781975353056,2025-01-21
9781975353063,2025-01-21
9781975353070,2025-08-12
9781975353087,2025-08-12
9781975353117,2026-04-14
9781975353124,2026-04-14
9781975353131,2026-02-15
9781975353148,2026-02-15
9781975353155,2026-02-15
9781975353209,2026-02-15
9781975353216,2026-02-15
9781975353230,2026-02-15
9781975353247,
9781975353254,2018-11-13
9781975353261,2018-08-21
9781975353278,2026-02-15
9781975353308,2026-02-15
9781975353315,2026-02-15
9781975353322,2026-02-15
9781975353339,2026-02-15
9781975353384,2026-02-15
9781975353391,
9781975353414,2026-02-15
9781975353421,
9781975353438,2026-02-15
9781975353445,2026-02-15
9781975353452,2026-02-15
9781975353469,2026-02-15
9781975353476,2026-02-15
9781975353483,2026-02-15
9781975353490,2026-02-15
9781975353506,2026-02-15
9781975353513,
9781975353520,2026-02-15
9781975353537,2026-02-15
9781975353544,2026-02-15
9781975353551,2026-02-15
9781975353568,2026-02-15
9781975353575,2026-02-15
9781975353582,2026-02-15
9781975353599,2018-09-18
9781975353605,2019-01-22
9781975353612,2019-05-21
9781975353629,2019-10-15
9781975353636,2020-01-28
9781975353643,2020-06-23
9781975353650,2026-02-15
9781975353667,2026-02-15
9781975353674,2026-02-15
9781975353681,2026-02-15
9781975353698,2026-02-15
9781975353841,2018-09-18
9781975353858,2019-02-19
9781975353865,2019-07-30
9781975353872,2019-11-26
9781975353889,2020-02-25
9781975353896,2018-06-26
9781975353902,2018-09-18
9781975353919,2019-02-19
9781975353926,2019-07-30
9781975353933,2019-11-26
9781975353940,2020-02-25
9781975353957,2026-02-15
9781975353971,2026-02-15
9781975353995,2026-02-15
9781975354015,2026-02-15
9781975354039,2026-02-15
9781975354053,2026-02-15
9781975354077,2026-02-15
9781975354084,2026-02-15
9781975354091,2026-02-15
9781975354107,2026-02-15
9781975354114,2026-02-15
9781975354138,2026-02-15
9781975354152,2026-02-15
9781975354176,2026-02-15
9781975354190,2026-02-15
9781975354213,2026-02-15
9781975354237,2026-02-15
9781975354251,2026-02-15
9781975354299,2026-02-15
9781975354305,2026-02-15
9781975354312,2026-02-15
9781975354336,2026-02-15
9781975354350,2026-02-15
9781975354374,2026-02-15
9781975354398,2026-02-15
9781975354404,2026-02-15
9781975354657,2026-02-15
9781975354725,2026-02-15
9781975354749,2026-02-15
9781975354756,2026-02-15
9781975354763,2026-02-15
9781975354787,2018-10-30
9781975354794,2018-10-30
9781975354800,2026-02-15
9781975354817,2026-02-15
9781975354831,2026-02-15
9781975354909,2026-02-15
9781975356293,2019-02-19
9781975356309,2026-02-15
9781975356323,2026-02-15
9781975356347,2026-02-15
9781975356361,2026-02-15
9781975356385,2026-02-15
9781975356408,2026-02-15
9781975356422,2026-02-15
9781975356446,2026-02-15
9781975356460,2026-02-15
9781975356484,2026-02-15
9781975356507,2026-02-15
9781975356521,2026-02-15
9781975356545,2026-02-15
9781975356569,2026-02-15
9781975356583,2026-02-15
9781975356606,
9781975356620,2026-02-15
9781975356651,2026-02-15
9781975356675,2026-02-15
9781975356699,2026-02-15
9781975356705,2026-02-15
9781975356712,2026-02-15
9781975356736,2026-02-15
9781975356743,2026-02-15
9781975356767,2026-02-15
9781975356781,2019-08-06
9781975356798,2019-08-06
9781975356804,
9781975356828,2026-02-15
9781975356835,2026-02-15
9781975356859,2019-09-03
9781975356866,2019-05-21
9781975356873,2019-05-21
9781975356880,2019-06-18
9781975356897,2019-06-18
9781975356903,2019-11-05
9781975356910,2019-11-05
9781975356927,2020-04-14
9781975356934,2020-04-14
9781975356941,2020-07-21
9781975356958,2020-07-21
9781975356965,2019-05-21
9781975356972,2019-10-29
9781975356989,2019-10-29
9781975356996,2020-01-07
9781975357009,2020-01-07
9781975357016,2020-04-21
9781975357023,2020-04-21
9781975357030,2020-08-18
9781975357047,2020-08-18
9781975357054,2026-02-15
9781975357061,2026-02-15
9781975357085,2026-02-15
9781975357092,2026-02-15
9781975357115,2019-07-30
9781975357122,2019-07-30
9781975357139,2019-11-26
9781975357146,2019-11-26
9781975357153,2020-03-31
9781975357160,2020-03-31
9781975357177,2020-08-18
9781975357184,2020-08-18
9781975357191,2020-11-17
9781975357207,2020-11-17
9781975357214,2026-02-15
9781975357221,2026-02-15
9781975357245,2026-02-15
9781975357252,2026-02-15
9781975357276,2026-02-15
9781975357283,2026-02-15
9781975357306,2026-02-15
9781975357313,2026-02-15
9781975357351,2026-02-15
9781975357368,2026-02-15
9781975357382,2026-02-15
9781975357450,2026-02-15
9781975357467,2026-02-15
9781975357481,2026-02-15
9781975357504,2019-07-30
9781975357511,2019-07-30
9781975357528,2019-03-19
9781975357535,2026-02-15
9781975357542,2026-02-15
9781975357566,2019-06-18
9781975357573,2019-06-18
9781975357580,2026-02-15
9781975357597,2026-02-15
9781975357603,2026-02-15
9781975357610,2026-02-15
9781975357627,2026-02-15
9781975357634,2019-07-23
9781975357665,2026-02-15
9781975357870,2026-02-15
9781975357894,2026-02-15
9781975357900,2026-02-15
9781975357924,2026-02-15
9781975357948,2026-02-15
9781975358006,2026-02-15
9781975358020,2026-02-15
9781975358037,2026-02-15
9781975358051,2026-02-15
9781975358068,2026-02-15
9781975358082,2026-02-15
9781975358105,2026-02-15
9781975358129,2026-02-15
9781975358136,2026-02-15
9781975358167,
9781975358181,2026-02-15
9781975358198,2019-10-01
9781975358204,2026-02-15
9781975358211,2026-02-15
9781975358228,2026-02-15
9781975358235,2026-02-15
9781975358259,2019-07-30
9781975358273,2026-02-15
9781975358297,2026-02-15
9781975358310,2026-02-15
9781975358334,2026-02-15
9781975358358,2026-02-15
9781975358372,2026-02-15
9781975358396,
9781975358419,2026-02-15
9781975358433,2026-02-15
9781975358457,2026-02-15
9781975358471,2026-02-15
9781975358495,2026-02-15
9781975358518,2026-02-15
9781975358525,2026-02-15
9781975358549,2026-02-15
9781975358556,2026-02-15
9781975358563,2026-02-15
9781975358587,2026-02-15
9781975358594,2026-02-15
9781975358600,2026-02-15
9781975358617,2019-10-29
9781975358624,
9781975358631,2019-10-29
9781975358648,2026-02-15
9781975358655,2026-02-15
9781975358662,2019-11-05
9781975358716,2026-02-15
9781975358723,2019-10-29
9781975358730,2019-08-27
9781975358747,2026-02-15
9781975358761,2026-02-15
9781975358778,2026-02-15
9781975358792,2026-02-15
9781975358815,2026-02-15
9781975358822,2026-02-15
9781975358846,2026-02-15
9781975358860,2026-02-15
9781975358877,2026-02-15
9781975358891,2026-02-15
9781975358907,2026-02-15
9781975358921,2026-02-15
9781975358945,2026-02-15
9781975358952,2026-02-15
9781975358976,2026-02-15
9781975358983,
9781975359003,2026-02-15
9781975359010,2026-02-15
9781975359034,2026-02-15
9781975359058,2020-08-11
9781975359065,2020-08-11
9781975359072,2026-02-15
9781975359096,2026-02-15
9781975359102,2026-02-15
9781975359126,2026-02-15
9781975359133,2026-02-15
9781975359157,2026-02-15
9781975359195,2026-02-15
9781975359218,2026-02-15
9781975359225,2026-02-15
9781975359249,2026-02-15
9781975359256,2026-02-15
9781975359270,2026-02-15
9781975359355,2026-02-15
9781975359362,2026-02-15
9781975359386,2026-02-15
9781975359393,2026-02-15
9781975359409,2026-02-15
9781975359416,2026-02-15
9781975359423,2020-03-24
9781975359430,2020-08-18
9781975359447,2026-02-15
9781975359454,2020-11-24
9781975359461,2026-02-15
9781975359508,2026-02-15
9781975359515,2026-02-15
9781975359539,2026-02-15
9781975359560,2019-12-03
9781975359577,
9781975359584,2026-02-15
9781975359591,2026-02-15
9781975359607,2019-12-24
9781975359614,2026-02-15
9781975359621,2026-02-15
9781975359645,2026-02-15
9781975359652,2026-02-15
9781975359676,2026-02-15
9781975359713,2019-07-23
9781975359720,2019-07-23
9781975359737,2019-07-23
9781975359744,2019-07-23
9781975359751,2019-10-15
9781975359768,2020-01-28
9781975359775,2020-06-23
9781975359782,2026-02-15
9781975359805,2019-06-25
9781975359812,2019-06-25
9781975359829,2019-06-25
9781975359836,2019-06-25
9781975359843,2019-06-25
9781975359850,2019-06-25
9781975359867,2019-06-25
9781975359874,2019-06-25
9781975359881,2026-02-15
9781975359898,2026-02-15
9781975359904,2026-02-14
9781975359911,
9781975359928,2026-02-15
9781975359935,2026-02-15
9781975359966,2026-02-15
9781975359973,2026-02-15
9781975360009,
9781975360016,2026-02-15
9781975360023,2026-02-15
9781975360030,2026-02-15
9781975360047,2026-02-15
9781975360054,2026-02-15
9781975360061,2026-02-15
9781975360078,2026-02-15
9781975360108,2023-03-21
9781975360115,2023-03-21
9781975360122,2023-01-17
9781975360139,2023-01-17
9781975360146,2026-02-15
9781975360214,2026-02-15
9781975360221,2026-02-15
9781975360238,2026-02-15
9781975360245,2026-02-15
9781975360252,2026-02-15
9781975360269,2023-05-02
9781975360283,2023-06-20
9781975360290,2024-09-17
9781975360306,2026-02-15
9781975360313,2026-02-15
9781975360320,2026-02-15
9781975360337,2026-02-15
9781975360368,2026-02-15
9781975360375,2026-02-15
9781975360382,2026-02-15
9781975360399,2026-02-15
9781975360429,
9781975360436,
9781975360443,
9781975360450,
9781975360467,
9781975360474,
9781975360481,2026-02-15
9781975360498,2026-02-15
9781975360504,2023-07-18
9781975360511,2023-07-18
9781975360528,2023-01-17
9781975360535,2023-01-17
9781975360542,
9781975360559,2026-02-15
9781975360566,2023-03-21
9781975360573,2023-03-21
9781975360580,2026-02-15
9781975360597,2026-02-15
9781975360603,2026-02-15
9781975360610,2026-02-15
9781975360634,2026-02-15
9781975360641,2026-02-15
9781975360887,2022-10-25
9781975360894,2022-10-25
9781975360955,2026-02-15
9781975360962,2026-02-15
9781975360979,2026-02-15
9781975360986,2026-02-15
9781975360993,2023-04-18
9781975361006,2023-04-18
9781975361013,2026-02-15
9781975361020,2026-02-15
9781975361037,2026-02-15
9781975361044,2026-02-15
9781975361051,2026-02-15
9781975361068,2026-02-15
9781975361075,2026-02-14
9781975361082,2026-02-14
9781975361150,2026-02-15
9781975361167,2026-02-15
9781975361235,2026-02-15
9781975361242,2026-02-15
9781975361259,2026-02-15
9781975361266,2026-02-15
9781975361273,
9781975361280,2026-02-15
9781975361334,2026-02-15
9781975361341,2026-02-15
9781975361358,2026-02-15
9781975361365,2026-02-15
9781975361396,2026-02-15
9781975361402,
9781975361419,2026-02-15
9781975361426,2026-02-15
9781975361433,2026-02-15
9781975361440,2026-02-15
9781975361457,2026-02-15
9781975361464,2026-02-15
9781975361471,2026-02-15
9781975361488,2026-02-15
9781975361495,2026-02-15
9781975361501,2026-02-15
9781975361518,2026-02-15
9781975361525,2026-02-15
9781975361532,2026-02-15
9781975361549,2026-02-15
9781975361556,2026-02-15
9781975361563,2026-02-15
9781975361570,2026-02-15
9781975361587,2026-02-15
9781975361594,2026-02-15
9781975361600,2023-05-23
9781975361617,2023-05-23
9781975361624,2023-05-23
9781975361631,2023-05-23
9781975361648,2023-09-26
9781975361655,2023-09-26
9781975361709,2026-02-15
9781975361716,2026-02-15
9781975361723,2026-02-15
9781975361730,2026-02-15
9781975361747,2026-02-15
9781975361778,2026-02-15
9781975361785,2026-02-15
9781975361792,2026-02-15
9781975361808,2026-02-15
9781975361815,2026-02-15
9781975361822,2026-02-15
9781975361839,2026-02-15
9781975361846,2026-02-15
9781975361853,
9781975361860,2026-02-15
9781975361891,2026-02-15
9781975361907,2026-02-15
9781975361938,2024-11-19
9781975361945,2024-11-19
9781975361976,2026-02-14
9781975361983,2026-02-14
9781975361990,2026-02-14
9781975362003,2026-02-14
9781975362010,2026-02-14
9781975362027,2026-02-14
9781975362034,2026-02-14
9781975362041,2026-02-14
9781975362058,2026-02-14
9781975362065,2026-02-14
9781975362072,2026-02-14
9781975362089,2026-02-14
9781975362096,2026-02-14
9781975362102,2026-02-14
9781975362119,2026-02-14
9781975362126,2026-02-14
9781975362256,2026-02-14
9781975362263,2026-02-14
9781975362270,2026-02-15
9781975362287,2026-02-15
9781975362294,2026-02-14
9781975362300,2026-02-14
9781975362331,2026-02-14
9781975362348,2026-02-14
9781975362355,2026-02-14
9781975362362,2026-02-14
9781975362393,2026-02-15
9781975362409,2026-02-15
9781975362416,2023-05-23
9781975362423,2023-05-23
9781975362430,2026-02-14
9781975362447,2026-02-14
9781975362454,2026-02-14
9781975362461,2026-02-14
9781975362478,2026-02-14
9781975362485,
9781975362492,2026-02-15
9781975362508,2026-02-15
9781975362515,2026-02-14
9781975362522,2026-02-14
9781975362539,
9781975362546,2026-02-14
9781975362553,2026-02-15
9781975362560,2026-02-15
9781975362577,2026-02-15
9781975362584,2026-02-15
9781975362591,
9781975362607,2026-02-14
9781975362614,2026-02-14
9781975362621,2026-02-14
9781975362638,2026-02-14
9781975362645,2026-02-14
9781975362652,
9781975362669,2026-02-14
9781975362676,2025-11-25
9781975362683,2025-11-25
9781975362737,2026-02-15
9781975362744,2026-02-15
9781975362836,2026-02-15
9781975362843,2026-02-15
9781975362874,2026-02-15
9781975362881,2026-02-15
9781975362973,
9781975362980,2026-02-15
9781975363055,2026-02-14
9781975363062,2026-02-14
9781975363079,2023-12-12
9781975363086,2023-12-12
9781975363093,2023-09-19
9781975363109,2023-09-19
9781975363116,2026-02-15
9781975363123,2026-02-15
9781975363130,2026-02-15
9781975363147,2026-02-15
9781975363154,2026-02-15
9781975363161,2026-02-15
9781975363178,2026-02-15
9781975363185,2026-02-15
9781975363192,2026-02-15
9781975363208,2026-02-15
9781975363215,2026-02-15
9781975363222,
9781975363239,2026-02-14
9781975363246,2026-02-14
9781975363253,2026-02-14
9781975363260,2026-02-14
9781975363277,2026-02-14
9781975363284,2026-02-14
9781975363291,2026-02-14
9781975363307,2026-02-14
9781975363314,2026-02-15
9781975363321,2026-02-15
9781975363338,2026-02-15
9781975363345,2026-02-15
9781975363352,2026-02-15
9781975363369,2026-02-15
9781975363376,2026-02-14
9781975363383,2026-02-14
9781975363390,2026-02-14
9781975363406,2026-02-14
9781975363413,2026-02-14
9781975363420,2026-02-14
9781975363437,2026-02-14
9781975363444,2026-02-14
9781975363451,2026-02-14
9781975363468,2026-02-14
9781975363475,2026-02-14
9781975363482,2026-02-14
9781975363499,2026-02-14
9781975363505,2026-02-14
9781975363512,2026-02-14
9781975363529,2026-02-14
9781975363710,
9781975363727,2026-02-14
9781975363734,
9781975363741,2026-02-15
9781975363758,2026-02-15
9781975363765,2026-02-15
9781975363772,2026-02-14
9781975363789,2026-02-14
9781975363796,2026-02-15
9781975363802,2026-02-15
9781975363819,2026-02-14
9781975363826,2026-02-14
9781975363833,2026-02-14
9781975363840,2026-02-14
9781975363857,2026-02-14
9781975363864,2026-02-14
9781975363871,2023-06-20
9781975363888,2023-06-20
9781975363895,2023-10-24
9781975363901,2023-10-24
9781975363918,2024-03-19
9781975363925,2024-03-19
9781975363932,2023-08-08
9781975363949,2023-08-08
9781975363956,2023-11-21
9781975363963,2023-11-21
9781975363970,2024-10-01
9781975363987,2024-10-01
9781975363994,2023-04-18
9781975364007,2023-04-18
9781975364014,2026-02-15
9781975364021,2026-02-15
9781975364076,2026-02-15
9781975364083,2026-02-15
9781975364090,2026-02-15
9781975364106,2026-02-15
9781975364328,2026-02-15
9781975364335,2026-02-15
9781975364342,2024-02-27
9781975364359,2024-02-27
9781975364373,2023-06-20
9781975364380,2024-09-17
9781975364458,2023-08-22
9781975364465,2023-08-22
9781975364472,2026-02-15
9781975364489,2026-02-15
9781975364519,2026-02-15
9781975364526,2026-02-15
9781975364533,2026-02-14
9781975364540,2026-02-14
9781975364557,2026-02-14
9781975364564,2026-02-14
9781975364571,2026-02-15
9781975364588,2026-02-15
9781975364595,2026-02-15
9781975364601,2026-02-15
9781975364618,2026-02-14
9781975364625,
9781975364632,2026-02-14
9781975364649,2026-02-14
9781975364656,2026-02-14
9781975364663,2026-02-14
9781975364670,2026-02-15
9781975364687,2026-02-15
9781975364694,2026-02-15
9781975364700,2026-02-15
9781975364717,2026-02-14
9781975364724,2026-02-14
9781975364731,2026-02-14
9781975364748,2026-02-14
9781975364755,2026-02-14
9781975364762,
9781975364779,2026-02-15
9781975364786,2026-02-15
9781975364793,2026-02-15
9781975364809,2026-02-15
9781975364816,2026-02-15
9781975364823,2026-02-15
9781975364830,2026-02-15
9781975364847,2026-02-15
9781975364854,2026-02-15
9781975364861,2026-02-15
9781975364878,2026-02-14
9781975364885,2026-02-14
9781975364892,2026-02-15
9781975364908,2026-02-15
9781975364915,2026-02-15
9781975364922,2026-02-15
9781975364939,2026-02-15
9781975364946,2026-02-15
9781975364953,2026-02-15
9781975364960,2023-04-18
9781975364977,2023-04-18
9781975364984,2023-12-12
9781975364991,2023-12-12
9781975365004,2026-02-15
9781975365011,2026-02-15
9781975365028,2026-02-15
9781975365035,2026-02-15
9781975365042,2026-02-14
9781975365059,2026-02-14
9781975365066,2026-02-15
9781975365073,2026-02-15
9781975365080,2026-02-14
9781975365097,2026-02-14
9781975365103,2026-02-14
9781975365110,2026-02-14
9781975365127,2026-02-14
9781975365134,2026-02-14
9781975365141,2026-02-15
9781975365158,2026-02-15
9781975365165,2026-02-15
9781975365172,2026-02-15
9781975365189,2026-02-15
9781975365196,2026-02-15
9781975365202,2026-02-15
9781975365219,2026-02-15
9781975365226,2026-02-15
9781975365233,2026-02-15
9781975365240,2026-02-14
9781975365257,2026-02-14
9781975365264,2026-02-14
9781975365271,2026-02-14
9781975365288,2026-02-14
9781975365295,2026-02-14
9781975366308,2023-10-17
9781975366315,2023-10-17
9781975366322,2026-02-14
9781975366339,2026-02-14
9781975366346,2026-02-14
9781975366353,2026-02-14
9781975366421,2026-02-15
9781975366438,2026-02-15
9781975366445,2026-02-15
9781975366469,2026-02-14
9781975366476,2026-02-14
9781975366483,2026-02-14
9781975366490,2026-02-15
9781975366506,2026-02-15
9781975366513,2026-02-15
9781975366520,2026-02-15
9781975366537,2026-02-15
9781975366568,2026-02-15
9781975366575,2026-02-15
9781975366582,2026-02-14
9781975366599,2026-02-14
9781975366605,2026-02-14
9781975366612,2026-02-14
9781975366629,2026-02-14
9781975366636,2026-02-14
9781975366643,
9781975366650,2026-02-14
9781975366667,2026-02-14
9781975366674,2026-02-14
9781975366681,2026-02-14
9781975366698,2026-02-14
9781975366704,2026-02-14
9781975366711,2026-02-14
9781975366728,2026-02-15
9781975366735,2026-02-15
9781975366742,2026-02-14
9781975366759,2026-02-14
9781975366766,2026-02-14
9781975366773,2026-02-14
9781975366780,2026-02-14
9781975366797,2026-02-14
9781975366803,2026-02-15
9781975366810,2026-02-15
9781975366827,2026-02-15
9781975366834,2026-02-15
9781975366841,2026-02-14
9781975366858,2026-02-14
9781975366865,2026-02-14
9781975366872,2026-02-14
9781975366889,2026-02-14
9781975366896,
9781975366902,2026-02-14
9781975366919,2026-02-14
9781975366926,2026-02-14
9781975366933,2026-02-14
9781975366940,2026-02-14
9781975366957,2026-02-14
9781975367008,2026-02-15
9781975367015,2026-02-15
9781975367022,2026-02-14
9781975367039,2026-02-14
9781975367046,2026-02-14
9781975367053,2026-02-14
9781975367060,2026-02-14
9781975367077,2026-02-14
9781975367220,2023-07-18
9781975367237,2023-07-18
9781975367244,2026-02-15
9781975367251,2026-02-15
9781975367268,2026-02-15
9781975367275,2026-02-15
9781975367282,2026-02-15
9781975367299,2026-02-15
9781975367305,2026-02-15
9781975367312,2026-02-15
9781975367350,2023-10-17
9781975367367,2023-10-17
9781975367374,2026-02-15
9781975367381,2026-02-15
9781975367398,2026-02-14
9781975367404,2026-02-14
9781975367473,2026-02-14
9781975367480,2026-02-14
9781975367497,2024-05-21
9781975367503,2024-05-21
9781975367510,2024-09-17
9781975367527,2024-09-17
9781975367534,2023-10-24
9781975367541,2023-10-24
9781975367558,2023-12-12
9781975367565,2023-12-12
9781975367572,2023-05-23
9781975367589,2023-05-23
9781975367596,2023-10-17
9781975367602,2023-10-17
9781975367619,2024-03-19
9781975367626,2024-03-19
9781975367640,2024-01-23
9781975367657,2024-01-23
9781975367664,2023-10-24
9781975367671,2023-10-24
9781975367688,2023-09-19
9781975367695,2023-09-19
9781975367701,2023-12-12
9781975367718,2023-12-12
9781975367725,2024-04-16
9781975367732,2024-04-16
9781975367749,2024-07-23
9781975367756,2024-07-23
9781975367763,2023-06-20
9781975367770,2023-06-20
9781975367787,2026-02-14
9781975367794,2026-02-14
9781975367800,2023-07-18
9781975367817,2023-07-18
9781975367824,2023-05-23
9781975367831,2023-05-23
9781975367848,2023-08-22
9781975367855,2023-08-22
9781975367862,2023-06-20
9781975367879,2023-06-20
9781975367886,2023-09-05
9781975367893,2023-09-05
9781975367909,2023-10-17
9781975367916,2023-10-17
9781975367923,2024-04-16
9781975367930,2024-04-16
9781975367947,2024-08-20
9781975367954,2024-08-20
9781975367961,
9781975367978,2026-02-15
9781975367985,2026-02-15
9781975367992,2026-02-15
9781975368005,2023-09-26
9781975368012,2023-09-26
9781975368029,2026-02-14
9781975368036,2026-02-14
9781975368043,2026-02-15
9781975368050,2026-02-15
9781975368067,2026-02-15
9781975368074,2026-02-15
9781975368081,2026-02-15
9781975368098,2026-02-15
9781975368104,2026-02-14
9781975368111,2026-02-14
9781975368128,2026-02-15
9781975368135,2026-02-15
9781975368142,
9781975368159,2026-02-15
9781975368166,2026-02-14
9781975368173,2026-02-14
9781975368180,2026-02-14
9781975368197,2026-02-14
9781975368203,2023-09-12
9781975368227,2023-08-22
9781975368234,2023-08-22
9781975368241,2026-02-14
9781975368258,2026-02-14
9781975368265,2023-08-22
9781975368272,2023-08-22
9781975368289,2024-01-23
9781975368296,2024-01-23
9781975368302,2023-06-06
9781975368319,2023-09-19
9781975368326,2024-01-23
9781975368333,2024-05-21
9781975368340,2024-08-20
9781975368357,2024-11-19
9781975368364,2025-02-18
9781975368371,2025-05-27
9781975368388,2025-09-23
9781975368395,2026-01-27
9781975368401,2026-05-12
9781975368494,2023-06-06
9781975368500,2023-09-19
9781975368517,2024-01-30
9781975368524,2024-05-21
9781975368531,2024-08-20
9781975368548,2024-11-19
9781975368593,2023-08-22
9781975368609,2023-08-22
9781975368616,2023-08-22
9781975368623,2023-08-22
9781975368654,2023-11-21
9781975368661,2023-11-21
9781975368678,2024-04-23
9781975368685,2024-04-23
9781975368692,2024-10-22
9781975368708,2024-10-22
9781975368715,2025-04-08
9781975368722,2025-04-08
9781975368739,2026-01-06
9781975368746,2026-01-06
9781975368944,
9781975368951,2026-02-14
9781975368968,2026-02-14
9781975368975,2023-08-22
9781975368982,2023-08-22
9781975368999,2023-08-22
9781975369033,2023-08-22
9781975369040,2023-08-22
9781975369057,2026-02-14
9781975369064,2026-02-14
9781975369071,2026-02-14
9781975369088,2026-02-14
9781975369095,2023-09-12
9781975369101,2023-09-12
9781975369118,2023-09-19
9781975369125,2023-09-19
9781975369156,2026-02-15
9781975369163,2026-02-15
9781975369170,2026-02-15
9781975369187,2026-02-15
9781975369217,2026-02-15
9781975369224,2026-02-15
9781975369255,2026-02-15
9781975369262,2026-02-15
9781975369293,2026-02-15
9781975369309,2026-02-15
9781975369316,2026-02-15
9781975369323,2026-02-15
9781975369385,
9781975369392,
9781975369408,2026-02-14
9781975369415,2026-02-14
9781975369422,
9781975369439,2026-02-14
9781975369446,2024-03-26
9781975369453,2024-03-26
9781975369460,2023-09-19
9781975369477,2023-09-19
9781975369484,2024-01-30
9781975369491,2024-01-30
9781975369507,2024-06-18
9781975369514,2024-06-18
9781975369521,2024-11-05
9781975369538,2024-11-05
9781975369545,2023-09-19
9781975369552,2023-09-19
9781975369569,2024-01-23
9781975369576,2024-01-23
9781975369583,2024-05-21
9781975369590,2024-05-21
9781975369644,2024-05-21
9781975369651,2024-05-21
9781975369675,2023-06-20
9781975369682,2023-09-19
9781975369699,2023-12-12
9781975369705,2024-03-12
9781975369712,2023-07-11
9781975369729,2023-09-12
9781975369736,2023-12-12
9781975369743,2024-03-12
9781975369750,2023-08-22
9781975369767,2023-08-22
9781975369774,2023-08-22
9781975369781,2023-08-22
9781975369798,2026-02-15
9781975369804,
9781975369835,2026-02-15
9781975369842,2026-02-15
9781975369859,2026-02-15
9781975369866,2026-02-15
9781975369873,2026-02-14
9781975369880,2026-02-14
9781975369897,2026-02-14
9781975369903,2026-02-14
9781975369910,2026-02-14
9781975369927,2026-02-14
9781975369934,2026-02-14
9781975369941,
9781975369958,2026-02-14
9781975369965,2026-02-14
9781975369972,2026-02-14
9781975369989,2026-02-14
9781975369996,2026-02-14
9781975370008,2026-02-14
9781975370015,2026-02-15
9781975370022,2026-02-15
9781975370039,2023-09-19
9781975370046,2023-09-19
9781975370053,2024-07-23
9781975370060,2024-07-23
9781975370077,2023-07-25
9781975370084,2023-07-25
9781975370091,2024-08-20
9781975370107,2024-08-20
9781975370114,2024-12-17
9781975370121,2024-12-17
9781975370138,2024-02-20
9781975370145,2024-02-20
9781975370152,2024-06-18
9781975370169,2024-06-18
9781975370176,2023-07-11
9781975370183,2023-10-10
9781975370190,2024-01-16
9781975370206,2024-04-16
9781975370213,2026-02-15
9781975370220,2026-02-15
9781975370237,2026-02-14
9781975370244,2026-02-14
9781975370251,2023-09-26
9781975370268,2023-09-26
9781975370275,2026-02-15
9781975370282,2026-02-15
9781975370299,2026-02-14
9781975370305,2026-02-14
9781975370312,2023-08-22
9781975370329,2023-08-22
9781975370336,2023-08-22
9781975370343,2023-08-22
9781975370350,2023-12-12
9781975370367,2023-12-12
9781975370497,2026-02-14
9781975370503,2026-02-14
9781975370510,2026-02-14
9781975370527,2026-02-14
9781975370534,2026-02-15
9781975370541,2026-02-15
9781975370558,2026-02-14
9781975370565,2026-02-14
9781975370572,2026-02-14
9781975370589,2026-02-14
9781975370596,2023-09-05
9781975370602,2023-09-05
9781975370619,2023-11-28
9781975370626,2023-11-28
9781975370633,2024-02-20
9781975370640,2024-02-20
9781975370657,2024-06-18
9781975370664,2024-06-18
9781975370671,2024-11-19
9781975370688,2024-11-19
9781975370695,2025-07-22
9781975370701,2025-07-22
9781975370718,2026-03-10
9781975370725,2026-03-10
9781975370732,2026-07-14
9781975370749,2026-07-14
9781975370794,2026-02-14
9781975370800,2026-02-14
9781975370817,2024-07-23
9781975370824,2024-07-23
9781975370831,2023-06-20
9781975370848,2023-09-12
9781975370855,2023-12-12
9781975370862,2024-03-12
9781975370879,
9781975370886,2026-02-15
9781975370978,2026-02-15
9781975370985,2026-02-15
9781975370992,2026-02-14
9781975371005,2026-02-14
9781975371012,2026-02-14
9781975371029,2026-02-14
9781975371036,2026-02-15
9781975371043,2026-02-15
9781975371050,2023-10-31
9781975371067,2023-10-31
9781975371074,2024-03-19
9781975371081,2024-03-19
9781975371098,2024-02-20
9781975371104,2024-02-20
9781975371111,2024-06-18
9781975371128,2024-06-18
9781975371135,2023-07-18
9781975371142,2023-07-18
9781975371159,2024-01-23
9781975371166,2024-01-23
9781975371173,2024-02-20
9781975371180,2024-02-20
9781975371197,2024-06-18
9781975371203,2024-06-18
9781975371210,2024-11-19
9781975371227,2024-11-19
9781975371234,2025-06-03
9781975371241,2025-06-03
9781975371258,2023-08-29
9781975371265,2023-08-29
9781975371272,2023-05-16
9781975371289,2023-08-15
9781975371296,2023-11-14
9781975371302,2024-02-13
9781975371319,2023-05-23
9781975371326,2023-07-11
9781975371333,2023-10-10
9781975371340,2024-01-16
9781975371357,2026-02-14
9781975371364,2026-02-14
9781975371395,2026-02-14
9781975371401,2026-02-14
9781975371418,2026-02-14
9781975371425,2026-02-14
9781975371432,2026-02-14
9781975371449,2026-02-14
9781975371456,2026-02-14
9781975371463,2026-02-14
9781975371470,2026-02-14
9781975371487,2026-02-14
9781975371531,2026-02-15
9781975371548,2026-02-15
9781975371555,2026-02-15
9781975371562,2026-02-15
9781975371579,2026-02-15
9781975371586,2026-02-15
9781975371593,2026-02-15
9781975371609,2026-02-15
9781975371654,2026-02-15
9781975371661,2026-02-15
9781975371715,2026-02-14
9781975371722,2026-02-14
9781975371777,2026-02-15
9781975371784,2026-02-15
9781975371838,2026-02-15
9781975371845,2026-02-15
9781975371852,2026-02-15
9781975371869,2026-02-15
9781975371999,2026-02-15
9781975372002,2026-02-15
9781975372019,2026-02-14
9781975372026,2026-02-14
9781975372033,2023-10-24
9781975372040,2023-10-24
9781975372057,2024-02-20
9781975372064,2024-02-20
9781975372071,2024-06-18
9781975372088,2024-06-18
9781975372095,2024-11-19
9781975372101,2024-11-19
9781975372118,2025-03-25
9781975372125,2025-03-25
9781975372132,2025-11-11
9781975372149,2025-11-11
9781975372170,2026-02-14
9781975372187,2026-02-14
9781975372231,2026-02-14
9781975372248,2026-02-14
9781975372255,2026-02-14
9781975372262,2026-02-14
9781975372279,2026-02-14
9781975372286,2026-02-14
9781975372293,2026-02-14
9781975372309,2026-02-14
9781975372316,2026-02-15
9781975372323,2026-02-15
9781975372330,2026-02-14
9781975372347,
9781975372354,2026-02-15
9781975372361,2026-02-15
9781975372378,2024-11-26
9781975372385,2024-11-26
9781975372392,2025-06-03
9781975372408,2025-06-03
9781975372415,2025-12-16
9781975372422,2025-12-16
9781975372439,2026-07-14
9781975372446,2026-07-14
9781975372514,2024-12-17
9781975372521,2024-12-17
9781975372538,2024-05-07
9781975372545,2024-05-07
9781975372552,2023-05-16
9781975372569,2023-09-26
9781975372576,2023-09-26
9781975372583,2024-01-30
9781975372590,2024-01-30
9781975372606,2023-09-19
9781975372613,2023-09-19
9781975372620,2023-12-12
9781975372637,2023-12-12
9781975372644,2023-12-12
9781975372651,2023-12-12
9781975372668,2026-02-15
9781975372675,2026-02-15
9781975372682,2026-02-14
9781975372699,2026-02-14
9781975373054,2023-08-01
9781975373061,2023-12-12
9781975373078,2023-12-12
9781975373122,2023-07-11
9781975373139,2026-02-14
9781975373146,2026-02-14
9781975373153,
9781975373160,2026-02-14
9781975373177,2023-11-28
9781975373184,2023-11-28
9781975373191,2024-03-19
9781975373207,2024-03-19
9781975373214,2024-07-23
9781975373221,2024-07-23
9781975373238,2024-12-17
9781975373245,2024-12-17
9781975373252,
9781975373269,2026-02-14
9781975373276,2026-02-14
9781975373283,2026-02-14
9781975373290,2026-02-14
9781975373306,2026-02-14
9781975373313,2026-02-14
9781975373320,2026-02-14
9781975373337,2026-02-14
9781975373344,2026-02-14
9781975373351,2026-02-14
9781975373368,2026-02-14
9781975373375,2026-02-14
9781975373382,2026-02-14
9781975373399,
9781975373405,2026-02-14
9781975373436,2023-09-19
9781975373443,2023-09-19
9781975373450,2023-10-24
9781975373467,2023-10-24
9781975373474,2023-11-21
9781975373481,2023-11-21
9781975373498,2024-01-23
9781975373504,2024-01-23
9781975373511,2023-09-19
9781975373528,2023-09-19
9781975373559,2026-02-14
9781975373566,2026-02-14
9781975373573,2026-02-14
9781975373580,2026-02-14
9781975373610,2026-02-14
9781975373627,2026-02-15
9781975373658,
9781975373665,2026-02-14
9781975373696,2026-02-15
9781975373702,2026-02-15
9781975373733,2024-06-18
9781975373740,2024-06-18
9781975373788,2026-02-14
9781975373795,2026-02-14
9781975373825,
9781975373832,2026-02-15
9781975373849,
9781975373856,2026-02-15
9781975373863,2026-02-15
9781975373917,2024-01-23
9781975373924,2024-01-23
9781975373931,2026-02-15
9781975373948,2026-02-15
9781975373955,2026-02-14
9781975373962,2026-02-14
9781975373979,2026-02-14
9781975373986,2026-02-14
9781975373993,2024-02-20
9781975374006,2024-02-20
9781975374044,2023-11-21
9781975374051,2024-04-16
9781975374068,2026-02-14
9781975374075,
9781975374082,2026-02-14
9781975374099,2026-02-14
9781975374105,2026-02-14
9781975374112,2026-02-14
9781975374129,2026-02-14
9781975374136,2026-02-14
9781975374143,2024-03-19
9781975374150,2024-03-19
9781975374167,2024-09-17
9781975374174,2024-09-17
9781975374204,2026-02-14
9781975374211,2026-02-14
9781975374228,2026-02-14
9781975374235,2026-02-14
9781975374242,2026-02-14
9781975374259,2026-02-14
9781975374266,
9781975374273,2026-02-14
9781975374280,2026-02-14
9781975374297,2026-02-14
9781975374303,2026-02-14
9781975374310,
9781975374662,2026-02-14
9781975374679,2026-02-14
9781975374686,2026-02-14
9781975374693,2026-02-14
9781975374709,2026-02-14
9781975374716,2026-02-14
9781975374723,2026-02-14
9781975374730,2026-02-14
9781975374747,2026-02-14
9781975374754,2026-02-14
9781975374785,2026-02-14
9781975374792,2026-02-14
9781975374822,2023-09-19
9781975374839,2023-09-19
9781975374990,2024-02-20
9781975375003,2024-02-20
9781975375010,2024-06-18
9781975375027,2024-06-18
9781975375034,2024-06-18
9781975375041,2024-06-18
9781975375058,2024-10-15
9781975375065,2024-10-15
9781975375072,2025-02-18
9781975375089,2025-02-18
9781975375096,2025-08-26
9781975375102,2025-08-26
9781975375133,2026-02-14
9781975375140,2026-02-14
9781975375195,2026-02-14
9781975375201,2026-02-14
9781975375218,2026-02-14
9781975375225,2026-02-14
9781975375232,2023-11-21
9781975375249,2023-11-21
9781975375256,2024-07-23
9781975375263,2024-07-23
9781975375270,2023-11-21
9781975375287,2023-11-21
9781975375294,2024-02-20
9781975375300,2024-02-20
9781975375317,2026-02-15
9781975375324,2026-02-15
9781975375331,2026-02-14
9781975375348,2026-02-14
9781975375355,2026-02-14
9781975375362,2026-02-14
9781975375379,2026-02-14
9781975375386,2026-02-14
9781975375393,2026-02-14
9781975375409,2026-02-14
9781975375478,2026-02-14
9781975375485,2026-02-14
9781975375515,2026-02-14
9781975375522,2026-02-14
9781975375539,2023-12-12
9781975375546,2023-12-12
9781975375553,2024-04-16
9781975375560,2024-04-16
9781975375577,2024-08-20
9781975375584,2024-08-20
9781975375591,2025-03-11
9781975375607,2025-03-11
9781975375836,2026-02-14
9781975375843,2026-02-14
9781975375850,2026-02-14
9781975375867,2026-02-14
9781975375874,2023-11-14
9781975375881,2024-02-13
9781975375898,2026-02-14
9781975375904,2026-02-14
9781975375911,2026-02-14
9781975375928,2026-02-14
9781975375935,2023-10-17
9781975375942,2023-10-17
9781975376444,2025-04-15
9781975376451,2025-04-15
9781975376468,2026-02-14
9781975376475,2026-02-14
9781975376482,2026-02-14
9781975376499,2026-02-14
9781975376505,2026-02-14
9781975376512,2026-02-14
9781975376529,2026-02-14
9781975376536,2026-02-14
9781975376543,2026-02-14
9781975376550,2026-02-14
9781975376581,2024-01-23
9781975376598,2024-01-23
9781975376635,2026-02-14
9781975376642,2026-02-14
9781975376659,2026-02-14
9781975376666,2026-02-14
9781975376673,2024-05-21
9781975376680,2024-05-21
9781975376697,2024-07-23
9781975376703,2024-07-23
9781975376710,2026-02-14
9781975376727,2026-02-14
9781975376758,2023-10-10
9781975376819,2026-02-14
9781975376826,2026-02-14
9781975376871,2026-02-14
9781975376888,2026-02-14
9781975376895,2024-04-16
9781975376901,2024-04-16
9781975376918,2026-02-14
9781975376925,2026-02-14
9781975376970,2023-11-28
9781975376987,2023-11-28
9781975376994,2024-01-30
9781975377007,2024-01-30
9781975377014,2026-02-14
9781975377830,2026-02-14
9781975377847,2026-02-14
9781975377854,2026-02-14
9781975377861,2026-02-14
9781975377878,2026-02-14
9781975377885,2026-02-14
9781975377915,2023-10-24
9781975377922,2024-02-20
9781975377939,2024-06-18
9781975377946,2024-11-19
9781975377953,2025-02-18
9781975377960,2025-06-03
9781975378004,2026-02-14
9781975378011,2026-02-14
9781975378028,2026-02-14
9781975378035,2026-02-14
9781975378042,2026-02-14
9781975378059,2026-02-14
9781975378066,2026-02-14
9781975378073,2026-02-14
9781975378080,2026-02-14
9781975378097,2026-02-14
9781975378103,2023-11-21
9781975378110,2023-11-21
9781975378127,2024-02-20
9781975378134,2024-02-20
9781975378141,2024-06-18
9781975378158,2024-06-18
9781975378165,2024-11-19
9781975378172,2024-11-19
9781975378189,2025-02-18
9781975378196,2025-02-18
9781975378202,2025-07-15
9781975378219,2025-07-15
9781975378226,2023-11-21
9781975378233,2023-11-21
9781975378240,2024-02-20
9781975378257,2024-02-20
9781975378264,2024-05-21
9781975378271,2024-05-21
9781975378288,2024-08-20
9781975378295,2024-08-20
9781975378301,2024-11-19
9781975378318,2024-11-19
9781975378325,2025-05-20
9781975378332,2025-05-20
9781975378349,2024-09-17
9781975378356,2024-09-17
9781975378363,2025-06-03
9781975378370,2025-06-03
9781975378387,2025-09-23
9781975378394,2025-09-23
9781975378400,2024-03-19
9781975378417,2024-03-19
9781975378424,2024-07-23
9781975378431,2024-07-23
9781975378448,2024-11-26
9781975378455,2024-11-26
9781975378462,2025-06-03
9781975378479,2025-06-03
9781975378486,2025-12-16
9781975378493,2025-12-16
9781975378509,2026-07-14
9781975378516,2026-02-14
9781975378523,2026-02-14
9781975378530,2026-07-14
9781975378547,2026-02-14
9781975378554,2026-02-14
9781975378622,2023-12-12
9781975378639,2023-12-12
9781975378646,2023-12-12
9781975378653,2023-12-12
9781975378660,2026-02-14
9781975378677,2026-02-14
9781975378684,2024-03-19
9781975378691,2024-03-19
9781975378707,2024-07-23
9781975378714,2024-07-23
9781975378721,2024-11-19
9781975378738,2024-11-19
9781975378745,2025-05-20
9781975378752,2025-05-20
9781975378769,2025-12-16
9781975378776,2025-12-16
9781975378783,2026-04-14
9781975378790,2026-04-14
9781975378806,2024-02-20
9781975378813,2024-02-20
9781975378820,2024-06-18
9781975378837,2024-06-18
9781975378844,2024-11-19
9781975378851,2024-11-19
9781975378899,2024-02-20
9781975378905,2024-02-20
9781975378929,2024-05-21
9781975378936,
9781975378943,2026-02-14
9781975378950,2024-05-21
9781975378967,2026-02-14
9781975378974,2026-02-14
9781975379018,2026-02-14
9781975379025,2026-02-14
9781975379032,2026-02-14
9781975379049,2026-02-14
9781975379056,2024-02-20
9781975379063,2024-02-20
9781975379070,2024-02-20
9781975379087,2024-02-20
9781975379094,2026-02-14
9781975379100,2026-02-14
9781975379117,2026-02-14
9781975379148,2026-02-14
9781975379155,2026-02-14
9781975379162,2026-02-14
9781975379179,2026-02-14
9781975379384,2024-08-20
9781975379391,2024-08-20
9781975379407,2025-01-21
9781975379414,2025-01-21
9781975379421,2025-05-13
9781975379438,2025-05-13
9781975379445,2025-12-30
9781975379452,2025-12-30
9781975379469,2026-07-14
9781975379476,2026-07-14
9781975379520,2023-12-12
9781975379537,2023-12-12
9781975379568,2024-03-19
9781975379575,2024-03-19
9781975379582,2024-04-16
9781975379599,2024-04-16
9781975379605,2026-02-14
9781975379612,2026-02-14
9781975379629,2026-02-14
9781975379636,2026-02-14
9781975379643,2024-02-20
9781975379650,2024-02-20
9781975379667,2024-06-18
9781975379674,2024-06-18
9781975379681,2024-10-29
9781975379698,2024-10-29
9781975379704,2025-07-22
9781975379711,2025-07-22
9781975379728,2026-02-10
9781975379735,2026-02-10
9781975379742,2024-06-18
9781975379759,2024-06-18
9781975379766,2024-12-10
9781975379773,2024-12-10
9781975379780,2024-04-23
9781975379797,2024-04-23
9781975379803,2024-08-20
9781975379810,2024-08-20
9781975379841,2024-05-21
9781975379858,2024-05-21
9781975379865,2024-09-24
9781975379872,2024-09-24
9781975379889,2024-02-20
9781975379896,2024-02-20
9781975379902,2024-05-21
9781975379919,2024-05-21
9781975379926,2024-11-26
9781975379933,2024-11-26
9781975379964,2026-02-14
9781975379971,2026-02-14
9781975379988,2024-04-30
9781975379995,2024-04-30
9781975380007,2026-02-14
9781975380014,2026-02-14
9781975380021,2026-02-14
9781975380038,2026-02-14
9781975380045,2026-02-14
9781975380052,2026-02-14
9781975380069,2026-02-14
9781975380076,2026-02-14
9781975380083,2026-02-14
9781975380090,2026-02-14
9781975380106,2026-02-14
9781975380113,2026-02-14
9781975380120,2026-02-14
9781975380137,2026-02-14
9781975380144,2026-02-14
9781975380151,2026-02-14
9781975380168,2026-02-14
9781975380175,2026-02-14
9781975380182,2026-02-14
9781975380199,2026-02-14
9781975380205,2026-02-14
9781975380212,2026-02-14
9781975380229,2026-02-14
9781975380236,2026-02-14
9781975380243,
9781975380250,
9781975380304,2026-02-14
9781975380311,2026-02-14
9781975380328,2026-02-14
9781975380335,
9781975380373,2026-02-14
9781975380380,2026-02-14
9781975380410,2026-02-14
9781975380427,2026-02-14
9781975380434,2026-02-14
9781975380441,2026-02-14
9781975380458,2026-02-14
9781975380465,2026-02-14
9781975380496,2024-03-19
9781975380502,2024-03-19
9781975380519,2024-03-19
9781975380526,2024-03-19
9781975380533,2026-02-14
9781975380540,2026-02-14
9781975380557,2026-02-14
9781975380564,2026-02-14
9781975380595,2026-02-14
9781975380601,2026-02-14
9781975380618,2026-02-14
9781975380625,2026-02-14
9781975380632,2024-03-26
9781975380649,2024-03-26
9781975380656,2023-12-12
9781975380663,2023-12-12
9781975380670,2026-02-14
9781975380687,2026-02-14
9781975380892,2026-02-15
9781975380908,2026-02-15
9781975380922,2026-02-15
9781975380939,2026-02-15
9781975380953,2026-02-15
9781975380977,
9781975380991,2026-02-15
9781975381035,2026-02-15
9781975381059,2026-02-15
9781975381066,2026-02-15
9781975381073,
9781975381097,2026-02-15
9781975381127,2026-02-15
9781975381134,2026-02-15
9781975381189,2026-02-15
9781975381202,2026-02-15
9781975382087,2026-02-15
9781975382100,2026-02-15
9781975382124,2026-02-15
9781975382148,2026-02-15
9781975382155,2026-02-15
9781975382179,2026-02-15
9781975382193,2026-02-15
9781975382216,2018-08-21
9781975382223,2026-02-15
9781975382247,2026-02-15
9781975382261,2026-02-15
9781975382278,2026-02-15
9781975382353,2018-10-30
9781975382360,2019-01-22
9781975382377,2019-07-30
9781975382384,2019-10-29
9781975382391,2020-08-18
9781975382407,2019-04-30
9781975382414,2026-02-15
9781975382438,2026-02-15
9781975382445,2026-02-15
9781975382476,2026-02-15
9781975382490,2026-02-15
9781975382513,2026-02-15
9781975382537,2026-02-15
9781975382551,
9781975382582,2019-09-24
9781975382599,2026-02-15
9781975382605,2019-04-23
9781975382612,2026-02-15
9781975382636,2019-04-23
9781975382643,2019-04-23
9781975382650,2019-09-03
9781975382667,2019-09-03
9781975382674,2019-12-24
9781975382681,2019-12-24
9781975382698,2026-02-15
9781975382711,2026-02-15
9781975382728,2026-02-15
9781975382742,2026-02-15
9781975382759,2026-02-15
9781975382773,
9781975382780,2026-02-15
9781975382858,2026-02-15
9781975382896,2026-02-15
9781975382933,2026-02-15
9781975382957,
9781975382964,2026-02-15
9781975382988,2026-02-15
9781975382995,2026-02-15
9781975383015,2026-02-15
9781975383022,2026-02-15
9781975383046,2026-02-15
9781975383053,2026-02-15
9781975383091,2026-02-15
9781975383114,2018-11-13
9781975383121,2026-02-15
9781975383145,2018-10-30
9781975383152,2019-02-19
9781975383169,2019-06-18
9781975383176,2019-06-18
9781975383183,2019-12-03
9781975383190,2019-11-05
9781975383206,2020-02-25
9781975383213,2020-02-25
9781975383220,2020-07-21
9781975383237,2020-07-21
9781975383244,2020-10-20
9781975383251,2020-10-20
9781975383268,2021-03-02
9781975383275,2021-03-02
9781975383282,2021-06-22
9781975383299,2021-06-22
9781975383305,2019-04-23
9781975383312,2019-08-13
9781975383329,2019-08-13
9781975383336,2019-07-09
9781975383343,2019-07-09
9781975383374,2026-02-15
9781975383381,2026-02-15
9781975383404,2026-02-15
9781975383411,2026-02-15
9781975383435,2026-02-15
9781975383442,2026-02-15
9781975383466,2026-02-15
9781975383473,2026-02-15
9781975383497,2026-02-15
9781975383503,2026-02-15
9781975383527,2026-02-15
9781975383534,2026-02-15
9781975383558,2026-02-15
9781975383565,2026-02-15
9781975383619,2026-02-15
9781975383626,2026-02-15
9781975383640,2026-02-15
9781975383657,2026-02-15
9781975383671,2026-02-15
9781975383688,2026-02-15
9781975383695,2026-02-15
9781975383718,2026-02-15
9781975383725,2026-02-15
9781975383749,2026-02-15
9781975383756,2026-02-15
9781975383770,
9781975383787,
9781975383800,
9781975383817,
9781975383831,
9781975383848,
9781975383862,2026-02-15
9781975383879,2020-02-18
9781975383886,2020-02-18
9781975383893,
9781975383909,
9781975383923,2026-02-15
9781975383930,2026-02-15
9781975383947,2026-02-15
9781975383954,2026-02-15
9781975383978,2026-02-15
9781975383985,2026-02-15
9781975384005,2026-02-15
9781975384012,2026-02-15
9781975384029,2026-02-15
9781975384043,2026-02-15
9781975384067,2026-02-15
9781975384081,2026-02-15
9781975384111,2020-12-01
9781975384128,2019-02-19
9781975384135,2019-11-05
9781975384142,2020-02-25
9781975384159,2019-06-18
9781975384166,2020-06-23
9781975384173,2021-01-19
9781975384180,2026-02-15
9781975384197,2026-02-15
9781975384203,2026-02-15
9781975384227,2026-02-15
9781975384241,2026-02-15
9781975384258,2026-02-15
9781975384289,2026-02-15
9781975384586,2019-11-26
9781975384593,2020-04-21
9781975384609,2020-08-18
9781975384616,2020-12-01
9781975384623,2021-03-23
9781975384630,2026-02-15
9781975384654,2026-02-15
9781975384692,2019-10-01
9781975384708,2019-09-03
9781975384715,2019-12-24
9781975384722,2019-12-24
9781975384739,2020-04-21
9781975384746,2020-04-21
9781975384753,2020-09-22
9781975384760,2020-09-22
9781975384777,2020-12-15
9781975384784,2020-12-15
9781975384814,2026-02-15
9781975384838,2019-10-15
9781975384906,2026-02-15
9781975384913,2026-02-15
9781975384920,2026-02-15
9781975384937,2026-02-15
9781975384951,2026-02-15
9781975384968,2026-02-15
9781975384982,2026-02-15
9781975384999,2026-02-15
9781975385019,2019-12-31
9781975385026,2019-12-31
9781975385033,2019-08-27
9781975385040,
9781975385057,2026-02-15
9781975385064,2026-02-15
9781975385088,2026-02-15
9781975385095,2026-02-15
9781975385118,2026-02-15
9781975385125,2026-02-15
9781975385149,2026-02-15
9781975385156,2026-02-15
9781975385163,2019-09-03
9781975385170,2019-12-24
9781975385187,2019-12-24
9781975385194,2019-09-03
9781975385217,2026-02-15
9781975385224,2026-02-15
9781975385392,2019-08-27
9781975385453,2019-08-20
9781975385514,2019-10-15
9781975385576,2026-02-15
9781975385583,2019-09-03
9781975385859,2019-11-05
9781975385866,2020-02-25
9781975385873,2020-06-23
9781975385880,2020-12-01
9781975385897,2021-01-19
9781975386122,2026-02-15
9781975386146,2026-02-15
9781975386160,2026-02-15
9781975386184,
9781975386207,2026-02-15
9781975386221,
9781975386245,2026-02-15
9781975386269,2026-02-15
9781975386283,2026-02-15
9781975386306,2026-02-15
9781975386320,2026-02-15
9781975386344,2026-02-15
9781975386368,2026-02-15
9781975386382,2026-02-15
9781975386405,2019-07-30
9781975386412,2019-11-26
9781975386429,2020-04-21
9781975386436,2020-08-18
9781975386443,2020-12-01
9781975386450,2021-03-23
9781975386467,2026-02-15
9781975386481,2026-02-15
9781975386528,2026-02-15
9781975386542,2026-02-15
9781975386580,2026-02-15
9781975386603,2020-03-10
9781975386610,2020-03-10
9781975386627,2020-07-21
9781975386634,2020-07-21
9781975386641,2020-11-17
9781975386658,2020-11-17
9781975386665,2019-10-29
9781975386672,2021-03-23
9781975386689,2021-03-23
9781975386696,2026-02-15
9781975386719,2019-11-05
9781975386726,2020-06-23
9781975386733,2020-06-23
9781975386740,2026-02-15
9781975386788,2020-02-18
9781975386795,2020-02-18
9781975386801,2019-12-31
9781975386818,2019-12-31
9781975386825,2026-02-15
9781975386849,2026-02-15
9781975386856,2026-02-15
9781975386870,2026-02-15
9781975386887,2026-02-15
9781975386900,2026-02-15
9781975386917,2026-02-15
9781975386931,2026-02-15
9781975386979,2026-02-15
9781975386993,2020-11-10
9781975387006,2020-11-10
9781975387013,2019-12-24
9781975387020,2020-02-25
9781975387037,2020-02-25
9781975387044,2020-07-21
9781975387051,2020-07-21
9781975387068,2020-09-22
9781975387075,2020-09-22
9781975387082,2026-02-15
9781975387105,2026-02-15
9781975387129,2026-02-15
9781975387143,2026-02-15
9781975387167,2026-02-15
9781975387181,2026-02-15
9781975387204,2026-02-15
9781975387327,2026-02-15
9781975387334,2026-02-15
9781975387341,2019-12-24
9781975387358,2019-12-24
9781975387365,2026-02-15
9781975387372,2026-02-15
9781975387396,2026-02-15
9781975387402,2026-02-15
9781975387426,2026-02-15
9781975387433,
9781975387518,2026-02-15
9781975387525,2026-02-15
9781975387549,2026-02-15
9781975387556,2026-02-15
9781975387570,2026-02-15
9781975387587,2026-02-15
9781975387594,2026-02-15
9781975387617,2026-02-15
9781975387778,2024-04-16
9781975387785,2024-04-16
9781975387792,2026-02-14
9781975387808,2026-02-14
9781975387815,2026-02-14
9781975387822,2026-02-14
9781975387839,2026-02-14
9781975387846,2026-02-14
9781975387877,2026-02-14
9781975387884,2026-02-14
9781975387891,2026-02-14
9781975387907,2026-02-14
9781975387914,2025-09-16
9781975387921,2025-09-16
9781975387952,2026-02-14
9781975387969,2026-02-14
9781975387976,2026-02-14
9781975387983,
9781975387990,2026-02-14
9781975388003,
9781975388010,2026-02-14
9781975388027,2026-02-14
9781975388034,2026-02-14
9781975388041,2026-02-14
9781975388058,2026-02-14
9781975388065,2026-02-14
9781975388072,2026-02-14
9781975388089,2026-02-14
9781975388096,2026-02-14
9781975388102,2026-02-14
9781975388119,2023-11-14
9781975388126,2024-01-16
9781975388133,2024-04-16
9781975388140,2024-07-16
9781975388157,2024-10-15
9781975388164,2025-01-14
9781975388171,2023-11-28
9781975388188,2024-02-13
9781975388195,2024-05-14
9781975388201,2024-08-13
9781975388218,2023-11-28
9781975388225,2024-02-13
9781975388232,2024-05-14
9781975388249,2024-08-13
9781975388256,2024-02-13
9781975388263,2024-04-16
9781975388270,2024-06-11
9781975388287,2024-09-10
9781975388294,2023-12-12
9781975388300,2024-03-12
9781975388317,2024-06-11
9781975388324,2024-09-10
9781975388331,2024-07-23
9781975388348,2024-07-23
9781975388355,2024-05-21
9781975388362,2024-05-21
9781975388379,2024-09-17
9781975388386,2024-09-17
9781975388393,2025-03-25
9781975388409,2025-03-25
9781975388416,2025-12-30
9781975388423,2025-12-30
9781975388430,2026-07-14
9781975388447,2026-07-14
9781975388454,2024-05-21
9781975388461,2024-05-21
9781975388478,2026-02-14
9781975388485,2026-02-14
9781975388492,2026-02-14
9781975388539,2026-02-14
9781975388546,2026-02-14
9781975388553,2026-02-14
9781975388560,2026-02-14
9781975388591,2026-02-14
9781975388607,2026-02-14
9781975388614,2026-02-14
9781975388621,2026-02-14
9781975388638,2026-02-14
9781975388645,2026-02-14
9781975388713,2024-07-23
9781975388720,2024-07-23
9781975388737,2025-04-08
9781975388744,2025-04-08
9781975388751,2025-11-25
9781975388768,2025-11-25
9781975388775,2026-07-14
9781975388782,2026-07-14
9781975388874,2026-02-14
9781975388881,
9781975388911,2026-02-14
9781975388928,2026-02-14
9781975388935,2024-01-30
9781975388942,2024-01-30
9781975388959,2024-03-19
9781975388966,2024-03-19
9781975388973,2024-06-18
9781975388980,2024-06-18
9781975388997,2024-09-17
9781975389000,2024-09-17
9781975389017,2025-01-21
9781975389024,2025-01-21
9781975389031,2024-07-23
9781975389048,2024-07-23
9781975389055,2024-08-20
9781975389062,2024-08-20
9781975389079,2026-02-14
9781975389086,2026-02-14
9781975389093,2026-02-14
9781975389109,2026-02-14
9781975389116,2024-07-23
9781975389123,2024-07-23
9781975389130,2024-08-20
9781975389147,2026-02-14
9781975389154,2026-02-14
9781975389161,2026-02-14
9781975389178,2026-02-14
9781975389185,2026-02-14
9781975389192,2026-02-14
9781975389208,2025-03-18
9781975389215,2025-03-18
9781975389222,2026-02-14
9781975389239,2026-02-14
9781975389246,2026-02-14
9781975389253,
9781975389260,2026-02-14
9781975389277,2026-02-14
9781975389284,
9781975389291,2026-02-14
9781975389307,2026-02-14
9781975389314,2026-02-14
9781975389321,
9781975389338,2026-02-14
9781975389345,2026-02-14
9781975389352,2026-02-14
9781975389369,2026-02-14
9781975389376,2026-02-14
9781975389383,2026-02-14
9781975389390,2026-02-14
9781975389406,
9781975389413,2026-02-14
9781975389420,2026-02-14
9781975389437,2026-02-14
9781975389444,2026-02-14
9781975389451,2026-02-14
9781975389468,2024-08-20
9781975389475,2024-08-20
9781975389482,2024-12-10
9781975389499,2024-12-10
9781975389505,2024-08-20
9781975389512,2024-08-20
9781975389529,2024-12-10
9781975389536,2024-12-10
9781975389734,2026-02-14
9781975389741,2026-02-14
9781975389758,2023-12-12
9781975389765,2026-02-14
9781975389772,2026-02-14
9781975389789,2026-02-14
9781975389819,2024-01-16
9781975390068,2026-02-14
9781975390075,2026-02-14
9781975390082,2026-02-14
9781975390143,2026-02-14
9781975390150,2026-02-14
9781975390167,2026-02-14
9781975390174,2026-02-14
9781975390181,2026-02-14
9781975390198,2026-02-14
9781975390204,
9781975390211,2026-02-14
9781975390228,2026-02-14
9781975390235,2026-02-14
9781975390280,2026-02-14
9781975390297,2026-02-14
9781975390341,2024-06-18
9781975390358,2024-06-18
9781975390365,2025-07-22
9781975390372,2025-07-15
9781975390389,2026-02-14
9781975390396,2026-02-14
9781975390440,2024-10-15
9781975390457,2024-10-15
9781975390464,2026-02-14
9781975390471,2026-02-14
9781975390488,2026-02-14
9781975390495,2026-02-14
9781975390501,2026-02-14
9781975390518,2026-02-14
9781975390525,2026-02-14
9781975390532,2026-02-14
9781975390549,2026-02-14
9781975390556,2026-02-14
9781975390563,2026-02-14
9781975390570,2026-02-14
9781975390587,2026-02-14
9781975390594,2026-02-14
9781975390600,2026-02-14
9781975390617,2026-02-14
9781975390624,2024-12-10
9781975390631,2024-12-10
9781975390648,2025-04-15
9781975390655,2025-04-15
9781975390662,2025-10-21
9781975390679,2025-10-21
9781975390686,2024-08-20
9781975390693,2024-08-20
9781975390709,2024-12-10
9781975390716,2024-12-10
9781975390723,2025-04-15
9781975390730,2025-04-15
9781975390747,2024-09-24
9781975390754,2024-09-24
9781975390761,2025-04-01
9781975390778,2025-04-01
9781975390785,2024-10-29
9781975390792,2024-10-29
9781975390808,2025-05-20
9781975390815,2025-05-20
9781975390822,2025-11-25
9781975390839,2025-11-25
9781975390846,2024-09-17
9781975390853,2024-09-17
9781975390860,2026-02-14
9781975390877,2026-02-14
9781975390884,2026-02-14
9781975390891,2026-02-14
9781975390907,2026-02-14
9781975390914,2026-02-14
9781975390921,2026-02-14
9781975390938,2026-02-14
9781975390945,2024-07-23
9781975390969,2024-03-19
9781975390976,2024-03-19
9781975390983,2024-06-18
9781975390990,2024-06-18
9781975391041,2024-12-17
9781975391058,2025-04-15
9781975391065,2025-08-19
9781975391072,2026-02-10
9781975391140,2026-02-14
9781975391157,2026-02-14
9781975391164,2026-02-14
9781975391171,2026-02-14
9781975391188,2024-05-21
9781975391195,2024-05-21
9781975391225,2024-09-17
9781975391232,2024-09-17
9781975391249,2026-02-14
9781975391256,2026-02-14
9781975391263,2026-02-14
9781975391270,2026-02-14
9781975391287,2026-02-14
9781975391294,2026-02-14
9781975391300,2026-02-14
9781975391317,2026-02-14
9781975391324,2026-02-14
9781975391331,2026-02-14
9781975391348,2024-08-20
9781975391355,2024-08-20
9781975391362,2025-05-20
9781975391379,2025-05-20
9781975391386,2026-02-14
9781975391393,2026-02-14
9781975391409,2026-02-14
9781975391416,2026-02-14
9781975391423,2026-02-14
9781975391430,2026-02-14
9781975391447,2024-10-15
9781975391454,2024-10-15
9781975391461,2025-02-18
9781975391478,2025-02-18
9781975391485,2024-03-26
9781975391492,2024-03-26
9781975391508,2025-07-22
9781975391515,2025-07-22
9781975391522,2026-02-14
9781975391539,2026-02-14
9781975391560,2024-08-20
9781975391577,2024-08-20
9781975391584,2024-09-24
9781975391591,2024-09-24
9781975391607,2024-08-20
9781975391614,2024-08-20
9781975391638,2026-02-14
9781975391645,2026-02-14
9781975391652,2026-02-14
9781975391669,2026-02-14
9781975391676,
9781975391683,2026-02-14
9781975391942,2024-08-20
9781975391959,2024-08-20
9781975391966,2025-06-03
9781975391973,2025-06-03
9781975391980,2026-02-14
9781975391997,2026-02-14
9781975392000,2024-03-19
9781975392017,2024-03-19
9781975392024,2024-05-21
9781975392031,2024-05-21
9781975392048,2026-02-14
9781975392055,2026-02-14
9781975392062,2026-02-14
9781975392079,
9781975392086,2026-02-14
9781975392093,2026-02-14
9781975392109,2026-02-14
9781975392116,2026-02-14
9781975392161,2026-02-14
9781975392178,2026-02-14
9781975392185,2026-02-14
9781975392192,2026-02-14
9781975392208,2024-02-20
9781975392215,2024-06-18
9781975392291,2024-10-29
9781975392307,2025-02-18
9781975392314,2025-06-10
9781975392321,2025-12-16
9781975392338,2026-06-09
9781975392376,2026-02-14
9781975392383,2026-02-14
9781975392390,2024-05-21
9781975392406,2024-05-21
9781975392413,2024-09-17
9781975392420,2024-09-17
9781975392437,2024-07-23
9781975392444,2024-07-23
9781975392451,2024-07-23
9781975392468,2024-07-23
9781975392499,2024-11-19
9781975392505,2024-11-19
9781975392512,2024-08-20
9781975392529,2024-08-20
9781975392536,2025-01-07
9781975392543,2025-01-07
9781975392550,2024-12-24
9781975392567,2024-12-24
9781975392574,2024-07-23
9781975392581,2024-07-23
9781975392598,2024-11-19
9781975392604,2024-11-19
9781975392611,2024-06-18
9781975392628,2024-06-18
9781975392635,2026-02-14
9781975392642,2026-02-14
9781975392666,2025-05-20
9781975392673,2025-05-20
9781975392680,2026-02-14
9781975392697,2026-02-14
9781975392703,2024-09-24
9781975392710,2024-09-24
9781975392727,2024-07-30
9781975392734,2024-07-30
9781975392765,2026-02-14
9781975392772,2026-02-14
9781975392789,2026-02-14
9781975392796,2026-02-14
9781975392802,2026-02-14
9781975392819,2026-02-14
9781975392888,2024-08-20
9781975393205,2026-02-14
9781975393212,2026-02-14
9781975393243,2024-08-20
9781975393250,2024-08-20
9781975393267,2025-05-27
9781975393274,2025-05-27
9781975393281,2026-02-10
9781975393298,2026-02-10
9781975393304,2026-06-09
9781975393311,2026-06-09
9781975393380,2026-02-14
9781975393403,2024-08-20
9781975393410,2024-08-20
9781975393427,2024-05-21
9781975393434,2024-05-21
9781975393441,2024-10-22
9781975393458,2024-10-22
9781975393465,2026-02-14
9781975393472,2026-02-14
9781975393502,2025-02-11
9781975393519,2025-02-11
9781975393526,2024-06-18
9781975393533,2024-12-17
9781975393540,2024-12-17
9781975393557,2025-05-20
9781975393564,2025-05-20
9781975393571,2025-08-26
9781975393588,2025-08-26
9781975393595,2026-02-10
9781975393601,2026-02-10
9781975393618,2026-06-09
9781975393625,2026-06-09
9781975393670,2024-06-18
9781975393687,2024-04-16
9781975393694,2024-04-16
9781975393700,2026-02-14
9781975393717,2026-02-14
9781975393786,2024-10-15
9781975393793,2024-10-15
9781975393830,2024-08-20
9781975393847,2024-08-20
9781975393854,2026-02-14
9781975393861,2026-02-14
9781975393892,2024-06-11
9781975393908,2025-08-26
9781975393915,2025-08-26
9781975393922,2024-10-29
9781975393939,2024-10-29
9781975393946,2025-03-04
9781975393953,2025-03-04
9781975393960,2026-02-14
9781975393977,2026-02-14
9781975394004,2026-02-14
9781975394011,2026-02-14
9781975394042,2024-10-01
9781975394059,2024-10-01
9781975394066,2026-02-14
9781975394080,2025-04-22
9781975394097,2025-04-22
9781975394103,2026-02-14
9781975394110,2026-02-14
9781975394127,2024-05-14
9781975394134,2024-08-13
9781975394141,2024-11-12
9781975394158,2025-02-11
9781975394165,2024-05-14
9781975394172,2024-08-13
9781975394189,2024-11-12
9781975394196,2025-02-11
9781975394202,2025-04-15
9781975394219,2025-07-15
9781975394226,2025-10-14
9781975394233,2026-01-13
9781975394240,2026-04-14
9781975394257,2026-07-14
9781975394271,2024-12-17
9781975394288,2024-12-17
9781975394295,2025-04-15
9781975394301,2025-04-15
9781975394318,2025-07-15
9781975394325,2025-07-15
9781975394332,2026-02-14
9781975394349,2026-02-14
9781975394370,2024-12-17
9781975394387,2024-12-17
9781975394394,2025-10-21
9781975394400,2025-10-21
9781975394424,2026-02-14
9781975394431,2026-02-14
9781975394486,2026-02-14
9781975394493,2026-02-14
9781975394509,2026-02-14
9781975394516,2026-02-14
9781975394523,2026-02-14
9781975394530,2026-02-14
9781975394547,2026-02-14
9781975394554,2026-02-14
9781975394561,2026-02-14
9781975394578,2026-02-14
9781975394585,2026-02-14
9781975394592,2026-02-14
9781975394622,2026-02-14
9781975394639,2026-02-14
9781975394646,2026-02-14
9781975394653,2026-02-14
9781975394684,2026-02-14
9781975394691,2026-02-14
9781975394806,2026-02-14
9781975394813,2026-02-14
9781975394820,2024-09-17
9781975394837,2024-09-17
9781975394844,2024-09-24
9781975394851,2024-09-24
9781975396541,2026-02-14
9781975396558,
9781975396961,2026-02-14
9781975396978,2026-02-14
9781975396992,
9781975397005,2026-02-14
9781975397081,
9781975397098,2026-02-14
9781975397104,2026-03-10
9781975397111,2026-03-10
9781975397128,2024-12-17
9781975397135,2024-12-17
9781975397142,2025-09-16
9781975397159,2025-09-16
9781975397166,2025-06-10
9781975397173,2025-06-10
9781975397180,2025-12-16
9781975397197,2025-12-16
9781975397203,2026-07-14
9781975397210,2026-07-14
9781975397227,2026-02-14
9781975397234,2026-02-14
9781975397241,2026-02-14
9781975397258,2026-02-14
9781975397265,2026-02-14
9781975397272,2026-02-14
9781975397289,2026-02-14
9781975397296,2026-02-14
9781975397302,2026-02-14
9781975397319,
9781975397326,2026-02-14
9781975397333,2026-02-14
9781975397340,2026-02-14
9781975397357,2026-02-14
9781975397364,2026-02-14
9781975397371,2026-02-14
9781975397388,2026-02-14
9781975397395,2026-02-14
9781975397425,2026-02-14
9781975397432,2026-02-14
9781975397449,2026-02-14
9781975397456,2026-02-14
9781975397463,2026-02-14
9781975397470,2026-02-14
9781975397487,2026-02-14
9781975397494,2026-02-14
9781975397500,2026-02-14
9781975397517,
9781975397548,2026-02-14
9781975397555,2026-02-14
9781975397562,2026-02-14
9781975397579,2026-02-14
9781975397586,2026-02-14
9781975397593,2026-02-14
9781975397609,2026-02-14
9781975397616,2026-02-14
9781975397661,2025-03-18
9781975397678,2025-03-18
9781975397685,2026-02-14
9781975397692,2026-02-14
9781975397708,2026-02-14
9781975397715,2026-02-14
9781975397722,2026-02-14
9781975397739,2026-02-14
9781975397760,2024-09-10
9781975397777,2024-12-10
9781975397784,2025-03-25
9781975397791,2024-10-29
9781975397807,2024-10-29
9781975397814,2025-03-11
9781975397821,2025-03-11
9781975397838,2026-02-14
9781975397845,2026-02-14
9781975397852,2026-02-14
9781975397869,2026-02-14
9781975397876,2026-02-14
9781975397883,2026-02-14
9781975397890,2026-02-14
9781975397906,2026-02-14
9781975397913,2026-02-14
9781975397920,2026-02-14
9781975397937,2026-02-14
9781975397944,2026-02-14
9781975397951,2024-10-29
9781975397968,2024-10-29
9781975397975,2024-07-16
9781975397982,2024-10-15
9781975397999,2024-07-16
9781975398002,2024-10-15
9781975398019,2025-01-14
9781975398026,2025-04-15
9781975398033,2024-06-11
9781975398040,2024-09-10
9781975398057,2024-12-10
9781975398064,2025-03-11
9781975398071,2024-06-11
9781975398088,2024-08-20
9781975398095,2024-11-12
9781975398118,2024-06-11
9781975398125,2024-09-10
9781975398132,2024-12-10
9781975398149,2025-03-11
9781975398156,2024-06-11
9781975398163,2024-08-13
9781975398170,2024-11-12
9781975398187,2025-02-11
9781975398194,2026-02-14
9781975398200,2026-02-14
9781975398231,2026-02-14
9781975398248,2026-02-14
9781975398279,2024-08-20
9781975398286,2024-08-20
9781975398620,2026-02-14
9781975398637,2026-02-14
9781975398644,2026-02-14
9781975398651,2026-02-14
9781975398682,2025-07-22
9781975398699,2025-07-22
9781975398705,2026-02-14
9781975398712,2026-02-14
9781975398729,2026-02-14
9781975398736,2026-02-14
9781975398743,2026-02-14
9781975398750,2026-02-14
9781975398767,2026-02-14
9781975398774,2026-02-14
9781975398781,2024-09-17
9781975398798,2024-09-17
9781975398804,2026-02-14
9781975398811,2026-02-14
9781975398903,2024-10-29
9781975398910,2024-10-29
9781975398927,2025-01-21
9781975398934,2025-01-21
9781975398941,2024-12-17
9781975398958,2024-12-17
9781975398996,2020-03-31
9781975399009,2026-02-15
9781975399023,2020-04-21
9781975399214,2026-02-15
9781975399221,2026-02-15
9781975399245,2026-02-15
9781975399252,2020-08-18
9781975399276,2020-06-23
9781975399306,2024-05-14
9781975399313,2024-07-16
9781975399320,2024-10-15
9781975399337,2019-12-03
9781975399344,2026-02-15
9781975399351,2020-04-28
9781975399368,2019-12-17
9781975399375,2019-12-17
9781975399399,2026-02-15
9781975399405,2026-02-15
9781975399412,2026-02-15
9781975399429,2026-02-15
9781975399443,2026-02-15
9781975399450,2026-02-15
9781975399467,2026-02-15
9781975399511,2026-02-15
9781975399535,2026-02-15
9781975399542,2026-02-15
9781975399559,2026-02-15
9781975399573,2026-02-15
9781975399580,2026-02-15
9781975399597,2024-07-30
9781975399603,2024-10-15
9781975399610,2025-01-14
9781975399627,2024-06-11
9781975399634,2024-09-10
9781975399641,2024-12-10
9781975399665,2024-05-14
9781975399689,2026-02-14
9781975399696,2026-02-14
9781975399702,2026-02-14
9781975399719,2026-02-14
9781975399726,
9781975399733,2026-02-14
9781975399740,2026-02-14
9781975399757,2026-02-14
9781975399764,2026-02-14
9781975399771,2026-02-14
9781975399788,2026-02-14
9781975399795,2026-02-14
9781975399801,2026-02-14
9781975399818,2026-02-14
9781975399825,2026-02-14
9781975399832,2026-02-14
9781975399849,2026-02-14
9781975399856,2026-02-14
9781975399863,2026-02-14
9781975399870,2026-02-14
9781975399887,2024-11-19
9781975399894,2024-11-19
9781975399900,2026-02-14
9781975399917,2026-02-14
9781975399924,2026-02-14
9781975399931,2026-02-14
9781975399948,2026-02-14
9781975399955,2026-02-14
9781975399962,2026-02-14
9781975399979,2026-02-14
9781975399986,2026-02-14
9788952744876,2026-02-16
9788952746047,2026-02-16
9788952746054,2026-02-16
9788952746085,2026-02-16
9788952746092,2026-02-16
9788952746108,2026-02-16
9798400900006,2026-02-15
9798400900013,2026-02-15
9798400900020,2026-02-15
9798400900037,2026-02-15
9798400900044,2026-02-15
9798400900051,2026-02-15
9798400900068,2026-02-15
9798400900075,2026-02-15
9798400900082,2026-02-15
9798400900099,
9798400900105,2026-02-15
9798400900112,2026-02-15
9798400900136,2026-02-15
9798400900143,2026-02-15
9798400900150,2026-02-15
9798400900167,2026-02-15
9798400900174,2026-02-15
9798400900181,2026-02-14
9798400900198,2026-02-14
9798400900204,2026-02-14
9798400900211,2026-02-14
9798400900228,2026-02-14
9798400900235,2026-02-14
9798400900242,2026-02-14
9798400900259,2026-02-14
9798400900280,2026-02-15
9798400900297,2026-02-15
9798400900303,2026-02-15
9798400900310,2026-02-14
9798400900327,2026-02-15
9798400900334,2026-02-15
9798400900341,2026-02-15
9798400900358,2026-02-15
9798400900365,2026-02-15
9798400900372,2026-02-14
9798400900389,2026-02-14
9798400900396,2026-02-15
9798400900402,2026-02-15
9798400900419,2026-02-15
9798400900426,2026-02-14
9798400900433,2026-02-14
9798400900440,2026-02-14
9798400900457,2026-02-14
9798400900464,2026-02-15
9798400900471,2026-02-15
9798400900501,2026-02-15
9798400900518,2026-02-14
9798400900525,2026-02-15
9798400900532,2026-02-14
9798400900549,2026-02-14
9798400900556,2026-02-15
9798400900563,2026-02-14
9798400900785,2026-02-14
9798400900792,2026-02-14
9798400900808,2026-02-14
9798400900815,2026-02-14
9798400900822,
9798400900839,2026-02-14
9798400900846,2026-02-14
9798400900853,2026-02-14
9798400900860,2026-02-14
9798400900877,2026-02-14
9798400900884,2026-02-14
9798400900891,2026-02-15
9798400900907,2026-02-14
9798400900914,2026-02-14
9798400900921,2026-02-14
9798400900938,2026-02-14
9798400900945,2026-02-14
9798400900952,2026-02-14
9798400900969,2026-02-14
9798400900976,2026-02-14
9798400900983,2026-02-14
9798400900990,2026-02-14
9798400901003,2026-02-14
9798400901010,2026-02-14
9798400901027,2026-02-14
9798400901034,2026-02-14
9798400901041,2026-02-14
9798400901058,2026-02-14
9798400901065,2026-02-14
9798400901096,
9798400901119,2026-02-14
9798400901126,2026-02-14
9798400901133,2026-02-14
9798400901140,2026-02-14
9798400901157,2026-02-14
9798400901164,2026-02-14
9798400901171,2026-02-14
9798400901188,2026-02-14
9798400901195,2026-02-14
9798400901201,2026-02-14
9798400901218,2026-02-14
9798400901225,2026-02-14
9798400901232,2026-02-14
9798400901249,2026-02-14
9798400901256,2026-02-14
9798400901263,2026-02-14
9798400901270,2026-02-14
9798400901294,2026-02-14
9798400901300,2026-02-14
9798400901317,2026-02-14
9798400901324,2026-02-14
9798400901331,2026-02-14
9798400901348,2026-02-14
9798400901355,2026-02-14
9798400901362,2026-02-14
9798400901379,2026-02-14
9798400901386,2026-02-14
9798400901393,2026-02-14
9798400901409,2026-02-14
9798400901416,2026-02-14
9798400901423,2026-02-14
9798400901430,
9798400901447,2026-02-14
9798400901454,2026-02-14
9798400901461,2026-02-14
9798400901478,2026-02-14
9798400901485,2026-02-14
9798400901492,2026-02-14
9798400901508,2026-02-14
9798400901515,2026-02-14
9798400901522,
9798400901539,2026-02-14
9798400901546,2026-02-14
9798400901553,2026-02-14
9798400901560,2026-02-14
9798400901577,2026-02-14
9798400901584,2026-02-14
9798400901591,2026-02-14
9798400901607,2026-02-14
9798400901614,2026-02-14
9798400901621,2026-02-14
9798400901638,2026-02-14
9798400901645,2026-02-14
9798400901652,2026-02-14
9798400901669,
9798400901676,2026-02-14
9798400901683,2026-02-14
9798400901690,2026-02-14
9798400901706,
9798400901713,2026-02-14
9798400901720,
9798400901737,2026-02-14
9798400901744,2026-02-14
9798400901751,2026-02-14
9798400901768,2026-02-14
9798400901775,2026-02-14
9798400901782,2026-02-14
9798400901799,2026-02-14
9798400901805,2026-02-14
9798400901812,2026-02-14
9798400901829,2026-02-14
9798400901836,
9798400901843,2026-02-14
9798400901850,2026-02-14
9798400901867,2026-02-14
9798400901874,2026-02-14
9798400901881,2026-02-14
9798400901898,2026-02-14
9798400901904,2026-02-14
9798400901911,2026-02-14
9798400901928,2026-02-14
9798400901959,
9798400901966,2026-02-14
9798400901973,2026-02-14
9798400901980,2026-02-14
9798400901997,2026-02-14
9798400902000,2026-02-14
9798400902017,2026-02-14
9798400902024,2026-02-14
9798400902031,2026-02-14
9798400902048,2026-02-14
9798400902055,
9798400902062,2026-02-14
9798400902079,2026-02-14
9798400902086,2026-02-14
9798400902093,2026-02-14
9798400902109,2026-02-14
9798400902116,2026-02-14
9798400902123,2026-02-14
9798400902130,2026-02-14
9798400902147,
9798400902154,2026-02-14
9798400902161,2026-02-14
9798400902178,2026-02-14
9798400902185,2026-02-14
9798400902192,2026-02-14
9798400902208,2026-02-14
9798400902215,2026-02-14
9798400902222,2026-02-14
9798400902239,2026-02-14
9798400902246,2026-02-14
9798400902253,2026-02-14
9798400902260,2026-02-14
9798400902277,2026-02-14
9798400902284,2026-02-14
9798400902291,2026-02-14
9798400902307,2026-02-14
9798400902314,2026-02-14
9798400902321,2026-02-14
9798400902338,2026-02-14
9798400902345,2026-02-14
9798400902352,2026-02-14
9798400902369,2026-02-14
9798400902376,
9798400902383,2026-02-14
9798400902390,2026-02-14
9798400902406,2026-02-14
9798400902413,2026-02-14
9798400902420,2026-02-14
9798400902437,2026-02-14
9798400902444,2026-02-14
9798400902451,2026-02-14
9798400902468,2026-02-14
9798400902475,2026-02-14
9798400902482,
9798400902499,2026-02-14
9798400902512,2026-02-14
9798400902611,
9798400902628,2026-02-14
9798400902635,2026-02-14
9798400902642,2026-02-14
9798400902659,2026-02-14
9798400902666,2026-02-14
9798400902673,2026-02-14
9798400902680,
9798400902697,2026-02-14
9798400902703,2026-02-14
9798400902710,2026-02-14
9798400902741,2026-02-14
9798400902758,2026-02-14
9798400902765,2026-02-14
9798400902772,2026-02-14
9798400902789,2026-02-14
9798400902796,
9798400902802,2026-02-14
9798400902819,2026-02-14
9798400902826,2026-02-14
9798400902840,2026-02-14
9798400902857,2026-02-14
9798400902864,2026-02-14
9798400902871,2026-02-14
9798400902888,2026-02-14
9798400902895,2026-02-14
9798400902901,2026-02-14
9798400902918,2026-02-14
9798400902925,2026-02-14
9798400902932,2026-02-14
9798400902949,2026-02-14
9798400902956,2026-02-14
9798400902963,2026-02-14
9798400902987,2026-02-14
9798400903007,2026-02-14
9798400903014,2026-02-14
9798400903021,2026-02-14
9798400903038,
9798400903045,2026-02-14
9798400903052,2026-02-14
9798400903069,
9798400903076,2026-02-14
9798400903083,2026-02-14
9798400903090,2026-02-14
9798400903106,2026-02-14
9798400903113,2026-02-14
9798400903120,2026-02-14
9798400903137,2026-02-14
9798400903144,2026-02-14
9798400903151,2026-02-14
9798400903168,2026-01-20
9798400903175,2026-01-20
9798400903182,2026-01-20
9798400903205,2026-02-14
9798400903212,2026-02-14
9798400903229,2026-02-14
9798400903236,
9798400903243,2026-02-14
9798400903250,2026-02-14
9798400903267,2026-02-14
9798400903274,2026-02-14
9798400903281,2026-02-14
9798400903298,2026-02-14
9798400903304,2026-02-14
9798400903311,2026-02-14
9798400903328,2026-02-14
9798400903335,2026-02-14
9798400903342,2026-02-14
9798400903359,2026-02-14
9798400903366,
9798400903373,2026-02-14
9798400903380,2026-02-14
9798400903397,2026-02-14
9798400903403,2026-02-14
9798400903410,
9798400903427,2026-02-14
9798400903434,2026-02-14
9798400903441,2026-02-14
9798400903458,2026-02-14
9798400903465,2026-02-14
9798400903489,2026-02-14
9798400903496,2026-02-14
9798400903502,2026-02-14
9798400903519,2026-02-14
9798400903526,2025-07-22
9798400903533,2025-07-22
9798400903540,2025-07-22
9798400903557,2025-08-26
9798400903564,2025-08-26
9798400903571,2025-08-26
9798400903588,2026-01-06
9798400903595,2026-01-06
9798400903601,2026-01-06
9798400903618,2026-05-12
9798400903625,2026-05-12
9798400903632,2026-05-12
9798400903717,2026-02-14
9798400903724,2026-02-14
9798400903731,2025-11-18
9798400903748,2025-11-18
9798400903755,2025-11-18
9798400903762,2026-03-17
9798400903779,2026-03-17
9798400903786,2026-03-17
9798400903793,2026-07-21
9798400903809,2026-07-21
9798400903816,2026-07-21
9798400903830,2026-02-14
9798400903847,2026-02-14
9798400903854,2026-02-14
9798400903861,2026-02-14
9798400903878,2026-02-14
9798400903885,2026-02-14
9798400903892,2026-02-14
9798400903908,2026-02-14
9798400903915,2026-02-14
9798400903922,2026-02-14
9798400903939,2026-02-14
9798400903946,2026-02-14
9798400903953,2026-02-14
9798400903960,2026-02-14
9798400903977,2026-02-14
9798400903984,2026-02-14
9798400903991,2026-02-14
9798400904004,2026-02-14
9798400904073,2026-06-16
9798400904080,2026-06-16
9798400904097,2026-06-16
9798400904134,2026-02-14
9798400904141,2026-02-14
9798400904158,2026-02-14
9798400904165,2026-02-14
9798400904172,2026-02-14
9798400904189,2026-02-14
9798400904196,2026-02-14
9798400904202,2026-02-14
9798400904219,2026-02-14
9798400904226,2026-02-14
9798400904233,2026-02-14
9798400904288,2026-02-14
9798400904295,2026-02-14
9798400904301,2026-02-14
9798400904318,2026-02-14
9798400904325,2026-02-14
9798400904332,2026-02-14
9798400904363,2026-02-14
9798400904370,2026-02-14
9798400904387,2026-02-14
9798400904394,
9798400904400,2026-02-14
9798400904417,2026-02-14
9798400904424,2026-02-14
9798400904462,2026-02-14
9798400904479,2026-02-14
9798400904486,
9798400904493,2026-02-14
9798400904509,2026-02-14
9798400904516,2026-02-14
9798400904523,2026-02-14
9798400904530,2026-02-14
9798400904547,2026-02-14
9798400904554,2026-02-14
9798400904561,2026-02-14
9798400904592,2026-02-14
9798400904608,2026-02-14
9798400904615,2026-02-14
9798400904622,2026-02-14
9798400904639,2026-02-14
9798400904684,2026-02-14
9798400904691,2026-02-14
9798400904707,2026-02-14
9798400904714,2026-02-14
9798400904745,2026-02-14
9798400904837,2026-02-14
9798400904844,2026-02-14
9798400904851,2026-02-14
9798400904868,2026-02-14
9798400904875,
9798400904905,2026-02-14
9798400904912,2026-02-14
9798400904929,2026-02-14
9798400904936,2026-02-14
9798400904943,2026-02-14
9798400904950,2026-02-14
9798400904967,2026-02-14
9798400904974,2026-02-14
9798400904981,2026-02-14
9798400904998,2026-02-14
9798400905001,2026-02-14
9798400905216,2026-02-14
9798400905223,2026-02-14
9798400905230,2026-02-14
9798400905247,2026-02-14
9798400905254,2026-02-14
9798400905261,2026-02-14
9798400905353,2026-02-14
9798400905377,2026-02-14
9798400905384,2026-02-14
9798400905414,2026-02-14
9798400905421,2026-02-14
9798855400007,2026-02-14
9798855400199,2026-02-14
9798855400205,2026-02-14
9798855400212,2026-02-14
9798855400229,2026-02-14
9798855400236,2024-10-29
9798855400243,2024-10-29
9798855400250,2025-03-25
9798855400267,2025-03-25
9798855400274,2025-02-18
9798855400281,2025-02-18
9798855400298,
9798855400304,2026-02-14
9798855400335,2025-02-18
9798855400342,2025-02-18
9798855400359,2026-02-14
9798855400366,
9798855400373,2024-11-19
9798855400380,2024-11-19
9798855400397,2024-12-31
9798855400403,2024-12-31
9798855400410,2025-05-20
9798855400427,2025-05-20
9798855400434,2025-12-30
9798855400441,2025-12-30
9798855400496,2026-02-14
9798855400502,2026-02-14
9798855400519,2026-02-14
9798855400571,2025-01-21
9798855400588,2025-01-21
9798855400595,2025-07-22
9798855400601,2025-07-22
9798855400618,2024-12-10
9798855400625,2024-12-10
9798855400656,2026-02-14
9798855400663,
9798855400670,2026-02-14
9798855400687,2026-02-14
9798855400694,2026-02-14
9798855400700,
9798855400717,2025-01-21
9798855400724,2025-01-21
9798855400731,2026-02-14
9798855400748,2026-02-14
9798855400854,2026-02-14
9798855400861,2026-02-14
9798855400878,2024-10-29
9798855400885,2024-10-29
9798855400892,2025-02-18
9798855400908,2025-02-18
9798855400915,2025-08-12
9798855400922,2025-08-12
9798855400939,2025-06-03
9798855400946,2025-06-03
9798855400953,2026-02-14
9798855400960,2026-02-14
9798855400977,2026-02-14
9798855400984,2026-02-14
9798855400991,2026-02-14
9798855401004,2026-02-14
9798855401080,2026-02-14
9798855401097,2026-02-14
9798855401103,2026-02-10
9798855401110,2026-02-10
9798855401127,2026-02-14
9798855401134,2026-02-14
9798855401141,2026-02-14
9798855401158,2026-02-14
9798855401165,2026-02-14
9798855401172,2026-02-14
9798855401202,2025-01-21
9798855401219,2025-01-21
9798855401226,2025-07-15
9798855401233,2025-07-15
9798855401240,2025-08-12
9798855401257,2025-08-12
9798855401264,2024-10-15
9798855401271,2024-10-15
9798855401301,2026-02-14
9798855401318,2026-02-14
9798855401325,
9798855401424,2026-02-14
9798855401431,
9798855401448,2026-02-14
9798855401455,2026-02-14
9798855401462,2026-02-14
9798855401479,2026-02-14
9798855401523,2026-02-14
9798855401530,2026-02-14
9798855401615,2026-02-14
9798855401622,2026-02-14
9798855401639,2026-02-14
9798855401646,2026-02-14
9798855401653,2026-02-14
9798855401660,2026-02-14
9798855401677,2026-02-14
9798855401684,2026-02-14
9798855401691,2026-02-14
9798855401707,2026-02-14
9798855401714,2026-02-14
9798855401721,
9798855401776,
9798855401783,2026-02-14
9798855401820,2026-02-14
9798855401837,2026-02-14
9798855401868,2026-02-14
9798855401899,
9798855401905,2026-02-14
9798855401912,2026-02-14
9798855401929,2026-02-14
9798855401936,2026-02-14
9798855401943,2026-02-14
9798855401950,2026-02-14
9798855401967,2026-02-14
9798855401974,2026-02-14
9798855401981,2026-02-14
9798855401998,2026-02-14
9798855402001,2026-02-14
9798855402018,2026-02-14
9798855402025,2026-02-14
9798855402056,2025-01-21
9798855402063,2025-01-21
9798855402070,2026-02-14
9798855402087,2026-02-14
9798855402094,2026-02-14
9798855402100,2026-02-14
9798855402117,2026-02-14
9798855402124,2026-02-14
9798855402131,
9798855402148,2026-02-14
9798855402216,2026-02-14
9798855402223,2026-02-14
9798855402230,2026-02-14
9798855402247,
9798855402254,2026-02-14
9798855402261,2026-02-14
9798855402278,2026-02-14
9798855402285,2026-02-14
9798855402292,2026-02-14
9798855402308,2026-02-14
9798855402315,2026-02-14
9798855402322,2026-02-14
9798855402339,2026-02-14
9798855402346,2026-02-14
9798855402391,2026-02-14
9798855402407,2026-02-14
9798855402414,2026-02-14
9798855402421,2026-02-14
9798855402438,2024-08-13
9798855402445,2024-11-12
9798855402452,2025-02-11
9798855402469,2025-05-13
9798855402476,2025-08-12
9798855402483,2025-11-11
9798855402490,2026-02-03
9798855402506,2025-03-11
9798855402513,2026-02-14
9798855402520,2026-02-14
9798855402537,2026-02-14
9798855402544,2026-02-14
9798855402773,2026-02-14
9798855402780,2026-02-14
9798855402834,2025-12-02
9798855402841,2025-12-02
9798855402865,2026-01-13
9798855402872,2024-12-17
9798855402889,2024-12-17
9798855402896,2025-10-21
9798855402902,2025-10-21
9798855402995,2024-11-19
9798855403008,2024-11-19
9798855403015,2025-06-10
9798855403022,2025-06-10
9798855403039,2026-01-27
9798855403046,2026-01-27
9798855403053,2026-07-14
9798855403060,2026-07-14
9798855403114,2024-10-15
9798855403121,2024-10-15
9798855403176,2025-02-18
9798855403183,2025-02-18
9798855403275,2026-02-14
9798855403282,2026-02-14
9798855403299,2026-02-14
9798855403305,2026-02-14
9798855403312,2026-02-14
9798855403329,2026-02-14
9798855403336,2026-02-14
9798855403343,2026-02-14
9798855403374,2025-07-08
9798855403381,2025-07-08
9798855403398,2025-08-26
9798855403404,2026-01-27
9798855403411,2026-06-09
9798855403435,
9798855403442,2026-02-14
9798855403459,2026-02-14
9798855403466,2026-02-14
9798855403473,2026-02-14
9798855403480,2026-02-14
9798855403497,2026-02-14
9798855403503,2026-02-14
9798855403596,2026-02-14
9798855403602,2026-02-14
9798855403619,
9798855403626,2026-02-14
9798855403633,2026-02-14
9798855403640,2026-02-14
9798855403657,2026-02-14
9798855403664,2026-02-14
9798855403671,2026-02-14
9798855403688,2026-02-14
9798855403695,2026-02-14
9798855403701,2026-02-14
9798855403718,2026-02-14
9798855403725,2026-02-14
9798855403831,2026-02-14
9798855403848,2026-02-14
9798855404012,2026-04-14
9798855404029,2026-04-14
9798855404456,
9798855404463,2026-02-14
9798855404470,2026-02-14
9798855404487,2026-02-14
9798855404494,2026-02-14
9798855404500,2026-02-14
9798855404517,2026-02-14
9798855404524,2026-02-14
9798855404593,2026-02-14
9798855404609,2026-02-14
9798855404616,2026-02-14
9798855404623,2026-02-14
9798855404630,2026-02-14
9798855404647,2026-02-14
9798855404739,2026-02-14
9798855404746,2026-02-14
9798855404753,2026-02-14
9798855404760,2026-02-14
9798855404777,2026-02-14
9798855404784,2026-02-14
9798855404791,2026-02-14
9798855404807,2026-02-14
9798855404814,2026-02-14
9798855404821,2026-02-14
9798855404838,2026-02-14
9798855404845,2026-02-14
9798855404876,2026-02-14
9798855404883,2026-02-14
9798855404890,2026-02-14
9798855404906,2026-02-14
9798855404913,2026-02-14
9798855404920,2026-02-14
9798855404951,2026-02-14
9798855404968,2026-02-14
9798855404975,2026-02-14
9798855404982,2026-02-14
9798855404999,2026-02-14
9798855405002,2026-02-14
9798855405019,2026-02-14
9798855405026,2026-02-14
9798855405033,2026-02-14
9798855405040,2026-02-14
9798855405057,2026-02-14
9798855405064,2026-02-14
9798855405095,2026-02-14
9798855405101,2026-02-14
9798855405118,2026-02-14
9798855405125,2026-02-14
9798855405132,2026-02-14
9798855405149,2026-02-14
9798855405170,2026-02-14
9798855405187,2026-02-14
9798855405194,
9798855405200,2025-05-20
9798855405217,2025-05-20
9798855405224,2025-11-25
9798855405231,2025-11-25
9798855405323,2025-04-15
9798855405330,2025-04-15
9798855405347,2025-04-15
9798855405354,2025-04-15
9798855405422,2026-02-14
9798855405439,
9798855405446,
9798855405453,2026-02-14
9798855405507,2026-02-14
9798855405514,2026-02-14
9798855405521,2026-02-14
9798855405538,2026-02-14
9798855405545,2026-02-14
9798855405552,2026-02-14
9798855405569,2025-02-18
9798855405590,2026-02-14
9798855405606,2026-02-14
9798855405613,2026-02-14
9798855405620,2026-02-14
9798855405637,2026-02-14
9798855405644,2026-02-14
9798855405651,2026-02-14
9798855405668,2026-02-14
9798855405675,2026-02-14
9798855405682,2026-02-14
9798855405699,2026-02-14
9798855405705,2026-02-14
9798855405736,2025-01-21
9798855405743,2025-10-21
9798855405750,2025-10-21
9798855405767,2026-05-12
9798855405774,2026-05-12
9798855405781,2026-02-14
9798855405798,
9798855405804,2026-02-14
9798855405811,2026-02-14
9798855405828,2026-02-14
9798855405835,2026-02-14
9798855405842,2026-02-14
9798855405859,2026-02-14
9798855405866,2026-02-14
9798855405873,2026-02-14
9798855405880,2026-02-14
9798855405897,2026-02-14
9798855405903,2026-02-14
9798855405910,2026-02-14
9798855405927,2026-02-14
9798855405934,2026-02-14
9798855406061,2026-02-14
9798855406078,2026-02-14
9798855406085,2026-02-14
9798855406092,2026-02-14
9798855406108,2026-02-14
9798855406115,2026-02-14
9798855406122,2026-02-14
9798855406139,2026-02-14
9798855406429,2026-02-14
9798855406436,2026-02-14
9798855406504,2026-02-14
9798855406511,2026-02-14
9798855406528,2025-12-16
9798855406535,2025-12-16
9798855406764,2026-02-14
9798855406771,2026-02-14
9798855406801,2026-02-14
9798855406818,2026-02-14
9798855406825,2026-02-14
9798855406832,2026-02-14
9798855406863,2026-02-14
9798855406870,
9798855406887,2026-02-14
9798855406894,2026-02-14
9798855406900,2026-02-14
9798855406917,2026-02-14
9798855406924,2026-02-14
9798855406931,2026-02-14
9798855406948,2026-02-14
9798855406955,2026-02-14
9798855406962,2026-02-14
9798855406979,2026-02-14
9798855406986,2025-02-04
9798855406993,2025-02-04
9798855407006,2026-02-14
9798855407013,2025-12-02
9798855407020,2025-12-02
9798855407037,2025-12-02
9798855407044,2025-12-02
9798855407051,2025-05-13
9798855407068,2025-05-13
9798855407075,2025-11-11
9798855407082,2025-11-11
9798855407099,2024-11-26
9798855407105,2024-11-26
9798855407112,2025-02-18
9798855407129,2025-02-18
9798855407136,2025-06-10
9798855407143,2025-06-10
9798855407150,2026-01-27
9798855407167,2026-01-27
9798855407174,2026-07-14
9798855407181,2026-07-14
9798855407211,2025-07-08
9798855407228,2025-07-08
9798855407235,2026-03-10
9798855407242,2026-03-10
9798855407259,2026-02-14
9798855407266,2026-02-14
9798855407273,2025-09-16
9798855407280,2025-09-16
9798855407334,2025-10-21
9798855407341,2025-10-21
9798855407358,2025-06-10
9798855407365,2025-06-10
9798855407372,2025-05-06
9798855407389,2025-05-06
9798855407396,2025-07-22
9798855407402,2025-07-22
9798855407419,2026-02-10
9798855407426,2026-02-10
9798855407457,2026-05-12
9798855407464,2026-05-12
9798855407495,2024-11-26
9798855407501,2024-11-26
9798855407518,2025-06-10
9798855407525,2025-06-10
9798855407532,2025-06-10
9798855407549,2025-06-10
9798855407556,2026-02-10
9798855407563,2026-02-10
9798855407570,2025-04-01
9798855407587,2025-04-01
9798855407594,2025-10-21
9798855407600,2025-10-21
9798855407617,2025-12-16
9798855407624,2025-12-16
9798855407631,2025-02-12
9798855407648,2025-02-12
9798855407655,2025-07-22
9798855407662,2025-07-22
9798855407679,2025-07-01
9798855407686,2025-07-01
9798855407693,2026-04-14
9798855407709,2026-04-14
9798855407730,2026-05-12
9798855407747,2026-05-12
9798855407754,2025-04-15
9798855407761,2025-04-15
9798855407815,2026-02-14
9798855407822,2026-02-14
9798855407853,2026-02-14
9798855407860,2026-02-14
9798855407877,2026-02-14
9798855407884,2026-02-14
9798855407976,2026-02-14
9798855407983,2026-02-14
9798855407990,2026-02-14
9798855408003,2026-02-14
9798855408058,2026-02-14
9798855408065,2026-02-14
9798855408072,2026-02-14
9798855408089,2026-02-14
9798855408133,2026-02-14
9798855408140,2026-02-14
9798855408157,2024-10-15
9798855408164,2025-01-14
9798855408171,2026-02-14
9798855408188,2026-02-14
9798855408195,2026-02-14
9798855408201,2026-02-14
9798855408218,2026-02-14
9798855408225,2026-02-14
9798855408270,2026-02-14
9798855408287,2026-02-14
9798855408294,2024-12-10
9798855408300,2024-12-10
9798855408317,2024-11-19
9798855408324,2024-11-19
9798855408331,2026-06-09
9798855408348,2026-06-09
9798855408416,2025-01-21
9798855408423,2025-01-21
9798855408430,2025-11-25
9798855408447,2025-11-25
9798855408454,2026-06-09
9798855408461,2026-06-09
9798855408515,2025-04-15
9798855408522,2025-04-15
9798855408539,2025-04-08
9798855408546,2025-07-08
9798855408553,2025-10-14
9798855408560,2026-01-13
9798855408577,2025-08-12
9798855408584,2025-08-12
9798855408591,2026-04-14
9798855408607,2026-04-14
9798855408676,2026-02-14
9798855408683,2026-02-14
9798855408690,2025-06-10
9798855408706,2025-06-10
9798855408713,2025-07-01
9798855408720,2025-07-01
9798855408737,2025-06-10
9798855408744,2025-06-10
9798855408751,2026-02-14
9798855408768,2026-02-14
9798855408799,2026-02-14
9798855408805,2026-02-14
9798855408812,2026-02-14
9798855408829,2026-02-14
9798855408836,2026-02-14
9798855408843,2026-02-14
9798855408850,2026-02-14
9798855408867,2025-05-20
9798855408874,2025-05-20
9798855408881,2026-01-06
9798855408898,2026-01-06
9798855408904,2025-08-12
9798855408911,2025-08-12
9798855408928,2026-02-14
9798855408935,2026-02-14
9798855408942,2026-02-14
9798855408959,2026-02-14
9798855408966,2026-02-14
9798855408973,2026-02-14
9798855409086,2026-02-14
9798855409093,2026-02-14
9798855409109,2026-02-14
9798855409116,2026-02-14
9798855409123,2026-02-14
9798855409130,2026-02-14
9798855409147,2026-02-14
9798855409154,2026-02-14
9798855409246,2026-02-10
9798855409253,2026-02-10
9798855409260,2025-08-12
9798855409277,2025-08-12
9798855409284,2026-02-10
9798855409291,2026-02-10
9798855409307,2026-02-14
9798855409314,2026-02-14
9798855409321,2026-02-14
9798855409338,2026-02-14
9798855409369,2026-02-14
9798855409376,2026-02-14
9798855409383,2026-02-14
9798855409390,2026-02-14
9798855409406,2026-02-14
9798855409413,2026-02-14
9798855409420,2026-02-14
9798855409437,2026-02-14
9798855409444,2026-02-14
9798855409451,2026-02-14
9798855409468,2026-02-14
9798855409475,2026-02-14
9798855409482,2026-02-14
9798855409499,2026-02-14
9798855409505,2025-05-06
9798855409512,2025-05-06
9798855409543,2026-02-14
9798855409550,2026-02-14
9798855409567,2026-02-14
9798855409574,
9798855409628,2026-02-14
9798855409635,2026-02-14
9798855409666,2026-02-14
9798855409673,2026-02-14
9798855409680,
9798855409697,2026-02-14
9798855409703,2026-02-14
9798855409710,2026-02-14
9798855409765,2025-07-15
9798855409772,2025-07-15
9798855409789,2026-02-10
9798855409796,2026-02-10
9798855409925,2025-09-16
9798855409932,2025-09-16
9798855409949,2026-01-20
9798855409956,2026-01-20
9798855409963,2026-03-24
9798855409970,2026-02-14
9798855409987,2026-02-14
9798855410136,2026-02-14
9798855410143,2026-02-14
9798855410150,2026-02-14
9798855410167,2026-02-14
9798855410174,2026-02-14
9798855410181,2026-02-14
9798855410198,2026-02-14
9798855410204,2026-02-14
9798855410402,
9798855410419,2026-02-14
9798855410426,2026-02-14
9798855410433,2026-02-14
9798855410440,2025-03-18
9798855410457,2025-03-18
9798855410518,2025-04-15
9798855410525,2025-04-15
9798855410532,2026-03-24
9798855410549,2026-03-24
9798855410556,2026-07-14
9798855410563,2026-07-14
9798855410570,2025-04-15
9798855410587,2025-04-15
9798855410594,2026-03-10
9798855410600,2026-03-10
9798855410679,2026-02-14
9798855410686,2026-02-14
9798855410693,2026-02-14
9798855410709,2026-02-14
9798855410716,2026-02-14
9798855410723,2026-02-14
9798855410747,2026-02-14
9798855410754,2026-02-14
9798855410808,2026-04-14
9798855410815,2026-04-14
9798855410822,2025-03-11
9798855410839,2025-03-04
9798855410846,2025-04-29
9798855410853,2025-04-29
9798855410860,2025-06-10
9798855410877,2025-06-10
9798855410884,2026-02-14
9798855410891,2026-02-14
9798855410907,2026-02-14
9798855410914,2026-02-14
9798855410945,2026-02-14
9798855410952,2026-02-14
9798855410969,2026-02-14
9798855410976,2026-02-14
9798855410983,2025-03-18
9798855410990,2025-03-18
9798855411003,2025-06-10
9798855411010,2025-06-10
9798855411027,2026-02-14
9798855411034,2026-02-14
9798855411041,2026-02-14
9798855411058,2026-02-14
9798855411065,2026-02-14
9798855411072,2026-02-14
9798855411089,2026-02-14
9798855411096,2026-02-14
9798855411102,2025-01-21
9798855411119,2025-01-21
9798855411164,2026-02-14
9798855411171,2026-02-14
9798855411188,2026-02-14
9798855411195,2026-02-14
9798855411201,2026-02-14
9798855411218,2026-02-14
9798855411225,2026-02-14
9798855411232,2026-02-14
9798855411249,2026-02-14
9798855411256,
9798855411263,2026-02-14
9798855411270,2026-02-14
9798855411287,2026-02-14
9798855411294,2026-02-14
9798855411300,2026-02-14
9798855411317,2026-02-14
9798855411324,2026-02-14
9798855411331,2026-02-14
9798855411348,2026-02-14
9798855411355,2026-02-14
9798855411362,2025-07-08
9798855411379,2026-02-14
9798855411386,2026-02-14
9798855411393,2026-02-14
9798855411409,2026-02-14
9798855411430,2026-02-14
9798855411447,2026-02-14
9798855411454,
9798855411461,2026-02-14
9798855411492,2024-11-12
9798855411508,2025-02-11
9798855411515,2025-05-13
9798855411522,2025-08-12
9798855411539,2025-11-11
9798855411546,2026-02-10
9798855411553,2024-12-10
9798855411560,2025-04-08
9798855411577,2025-06-10
9798855411584,2025-12-09
9798855411591,2025-09-23
9798855411607,2026-03-03
9798855411614,2024-11-12
9798855411621,2025-02-11
9798855411638,2025-05-13
9798855411645,2025-08-12
9798855411669,2026-02-03
9798855411676,2024-12-10
9798855411683,2025-03-25
9798855411690,2025-06-10
9798855411706,2025-09-09
9798855411713,2025-12-09
9798855411720,2026-02-14
9798855411737,2026-02-14
9798855411744,2026-02-14
9798855411751,2026-02-14
9798855411867,2025-05-13
9798855411874,2025-05-13
9798855411881,2025-07-08
9798855411898,2025-07-08
9798855411904,2026-03-10
9798855411911,2026-03-10
9798855411980,2026-02-14
9798855411997,2026-02-14
9798855412048,2026-02-14
9798855412055,2026-02-14
9798855412086,2026-02-14
9798855412093,2026-02-14
9798855412109,2026-02-14
9798855412116,2026-02-14
9798855412123,2026-02-14
9798855412130,2026-02-14
9798855412147,2026-02-14
9798855412154,2026-02-14
9798855412161,2026-02-14
9798855412178,2026-02-14
9798855412321,2026-02-14
9798855412338,
9798855412475,2026-02-14
9798855412482,2026-02-14
9798855412499,2026-02-10
9798855412505,2026-02-10
9798855412512,2026-02-14
9798855412529,2026-02-14
9798855412598,2026-02-14
9798855412604,2026-02-14
9798855412703,2025-04-29
9798855412710,2025-04-29
9798855412727,2026-02-14
9798855412734,2026-02-14
9798855412741,2026-02-14
9798855412758,2026-02-14
9798855412765,2026-02-14
9798855412772,2026-02-14
9798855412789,2026-02-14
9798855412796,2026-02-14
9798855412802,2026-02-14
9798855412819,2026-02-14
9798855412888,2026-02-14
9798855412895,2026-02-14
9798855412925,2026-04-14
9798855412932,2026-04-14
9798855412987,2026-02-14
9798855412994,2026-02-14
9798855413007,2024-11-12
9798855413014,2025-02-11
9798855413021,2025-05-13
9798855413045,2025-08-12
9798855413052,2025-11-11
9798855413069,2026-02-10
9798855413076,2026-05-19
9798855413083,2025-12-02
9798855413090,2025-12-02
9798855413106,2026-01-13
9798855413113,2026-02-14
9798855413120,2026-02-14
9798855413137,2025-07-08
9798855413144,2025-07-08
9798855413151,2026-03-10
9798855413168,2026-03-10
9798855413212,2025-07-08
9798855413229,2025-07-08
9798855413236,2026-02-14
9798855413243,2026-02-14
9798855413250,2026-02-14
9798855413267,2026-02-14
9798855413274,2026-02-14
9798855413281,2026-02-14
9798855413311,2026-02-14
9798855413328,2026-02-14
9798855413373,
9798855413380,2026-02-14
9798855413779,2025-07-29
9798855413786,2026-02-14
9798855413854,2026-02-14
9798855413861,2026-02-14
9798855413878,2026-02-14
9798855413885,2026-02-14
9798855413892,2026-02-14
9798855413908,2026-02-14
9798855413915,2026-02-14
9798855413922,2026-02-14
9798855413939,2026-02-14
9798855413946,2026-02-14
9798855413953,2026-02-14
9798855413960,2026-02-14
9798855414080,2026-02-14
9798855414097,2026-02-14
9798855414103,
9798855414110,2026-02-14
9798855414127,2026-02-14
9798855414134,2026-02-14
9798855414141,2026-02-14
9798855414158,
9798855414219,2026-02-14
9798855414226,2026-02-14
9798855414233,2026-02-14
9798855414240,2026-02-14
9798855414257,2026-02-14
9798855414264,2026-02-14
9798855414271,2025-12-30
9798855414288,2026-05-12
9798855414301,2025-04-15
9798855414318,2025-04-15
9798855414332,2025-06-03
9798855414349,2025-06-03
9798855414356,2025-08-26
9798855414363,2025-08-26
9798855414370,2026-04-14
9798855414387,2026-04-14
9798855414417,2026-02-14
9798855414424,2026-02-14
9798855414530,
9798855414547,2026-02-14
9798855414554,2025-08-26
9798855414561,2025-08-26
9798855414578,2026-02-10
9798855414585,2026-02-10
9798855414592,
9798855414608,2026-02-14
9798855414615,2025-01-21
9798855414622,2026-02-14
9798855414639,2026-02-14
9798855414660,2026-02-14
9798855414677,2026-02-14
9798855414684,2026-02-14
9798855414691,
9798855414721,2026-02-14
9798855414738,2026-02-14
9798855414844,2026-02-14
9798855414851,2026-02-14
9798855414868,2026-02-14
9798855414875,2026-02-14
9798855414905,2026-02-14
9798855414912,2026-02-14
9798855414943,2026-07-14
9798855414950,2026-07-14
9798855414967,2026-02-14
9798855414974,2026-02-14
9798855414981,2026-02-14
9798855414998,2026-02-14
9798855415001,2026-02-14
9798855415018,2026-02-14
9798855415056,2026-02-14
9798855415063,2026-02-14
9798855415131,2026-02-14
9798855415148,2026-02-14
9798855415155,2026-02-14
9798855415162,2026-02-14
9798855415209,2026-02-14
9798855415216,2026-02-14
9798855415223,
9798855415230,2026-02-14
9798855415285,2026-02-14
9798855415292,2026-02-14
9798855415308,
9798855415315,2026-02-14
9798855415322,2026-02-14
9798855415339,2026-02-14
9798855415346,2026-02-14
9798855415353,2026-02-14
9798855415407,2026-02-14
9798855415414,2026-02-14
9798855415421,
9798855415438,2026-02-14
9798855415445,2026-02-14
9798855415452,2026-02-14
9798855415506,2026-02-14
9798855415513,2026-02-14
9798855415520,2026-02-14
9798855415537,2026-02-14
9798855415544,2025-07-08
9798855415551,2025-07-08
9798855415582,2026-02-14
9798855415599,2026-02-14
9798855415605,2026-02-14
9798855415612,2026-02-14
9798855415629,2026-02-14
9798855415636,2026-02-14
9798855415643,2026-02-14
9798855415650,2026-02-14
9798855415667,2026-02-14
9798855415674,2026-02-14
9798855415704,2026-02-14
9798855415711,2026-02-14
9798855415728,2026-02-14
9798855415735,2026-02-14
9798855415803,2025-06-10
9798855415834,2026-02-14
9798855415841,2026-02-14
9798855415858,2026-02-14
9798855415865,2026-02-14
9798855415933,2026-02-14
9798855415940,2026-02-14
9798855415957,2026-02-14
9798855415964,2026-02-14
9798855415971,2026-02-14
9798855415988,2026-02-14
9798855415995,2026-02-14
9798855416008,2026-02-14
9798855416015,2026-02-14
9798855416022,2026-02-14
9798855416039,2026-02-14
9798855416046,2026-02-14
9798855416053,2026-02-14
9798855416060,2026-02-14
9798855416077,2026-02-14
9798855416084,2026-02-14
9798855416138,2025-06-10
9798855416145,2025-06-10
9798855416152,2025-11-11
9798855416169,2026-02-14
9798855416190,2026-02-14
9798855416206,2026-02-14
9798855416213,2026-02-14
9798855416220,2026-02-14
9798855416237,2026-02-14
9798855416244,2026-02-14
9798855416299,2026-02-14
9798855416305,2026-02-14
9798855416312,2026-02-14
9798855416329,2026-02-14
9798855416336,2026-02-14
9798855416381,2026-02-14
9798855416398,2026-02-14
9798855416404,2026-02-14
9798855416473,2026-02-14
9798855416503,2026-02-14
9798855416558,2026-02-14
9798855416565,2026-02-14
9798855416572,2026-02-14
9798855416589,2026-02-14
9798855416596,2026-02-14
9798855416602,2026-02-14
9798855416619,2026-02-14
9798855416626,2026-02-14
9798855416633,2026-02-14
9798855416640,2026-02-14
9798855416657,
9798855416664,2026-02-14
9798855416671,2026-02-14
9798855416688,
9798855416718,2026-02-14
9798855416725,2026-02-14
9798855416770,2026-02-14
9798855416787,2026-02-14
9798855416817,2026-02-14
9798855416824,2026-02-14
9798855416831,2025-08-26
9798855416848,2025-08-26
9798855416855,2026-02-10
9798855416862,2026-02-10
9798855416879,2026-02-14
9798855416886,2024-11-29
9798855416893,2025-07-08
9798855416909,2025-07-08
9798855417272,2026-02-14
9798855417289,2026-02-14
9798855417296,2026-02-14
9798855417302,2026-02-14
9798855417319,2026-02-14
9798855417326,
9798855417333,
9798855417340,2026-02-14
9798855417357,2026-02-14
9798855417364,2025-04-08
9798855417371,2025-07-08
9798855417388,2025-10-14
9798855417401,2025-09-23
9798855417418,2025-09-23
9798855417425,2025-08-26
9798855417432,2025-08-26
9798855417449,2025-04-08
9798855417456,2025-08-12
9798855417500,2025-10-28
9798855417517,2026-02-14
9798855417524,2026-02-14
9798855417555,
9798855417562,2026-02-14
9798855417647,2026-02-10
9798855417654,2026-02-10
9798855417661,2025-11-11
9798855417678,2025-11-11
9798855417685,2026-01-13
9798855417692,2026-01-13
9798855417708,2026-02-10
9798855417715,2026-02-10
9798855417722,2026-02-14
9798855417739,2026-02-14
9798855417821,2026-02-14
9798855417838,2026-02-14
9798855417852,2025-07-15
9798855417869,2025-07-15
9798855417876,2026-02-14
9798855417883,2026-02-14
9798855417890,2026-02-14
9798855417906,2026-02-14
9798855417913,2026-02-14
9798855417920,2026-02-14
9798855417975,
9798855417982,2026-02-14
9798855418033,
9798855418040,2026-02-14
9798855418132,2026-02-14
9798855418149,2026-02-14
9798855418170,2026-02-14
9798855418187,2026-02-14
9798855418217,2025-02-11
9798855418224,2025-10-21
9798855418255,2026-03-10
9798855418262,2026-03-10
9798855418279,2025-12-30
9798855418286,2025-12-30
9798855418293,2025-06-10
9798855418309,2025-06-10
9798855418316,2025-10-21
9798855418323,2025-10-21
9798855418330,2026-02-14
9798855418347,2026-02-14
9798855418354,2026-02-14
9798855418361,2026-02-14
9798855418378,2026-02-14
9798855418385,2026-02-14
9798855418392,2026-02-14
9798855418408,2026-02-14
9798855418415,2026-02-10
9798855418422,2026-02-10
9798855418439,2026-02-10
9798855418446,2026-02-10
9798855418453,2026-02-14
9798855418460,2026-02-14
9798855418477,2026-02-14
9798855418484,2026-02-14
9798855418514,2026-02-14
9798855418521,2026-02-14
9798855418538,2026-02-14
9798855418545,2026-02-14
9798855418576,2026-04-14
9798855418583,2026-04-14
9798855418590,2025-07-08
9798855418606,2025-07-08
9798855418613,2025-12-09
9798855418620,2026-01-06
9798855418637,2026-01-06
9798855418644,2025-08-12
9798855418651,2025-08-12
9798855418668,2026-04-14
9798855418675,2026-04-14
9798855418705,
9798855418712,2026-02-14
9798855418729,2026-02-14
9798855418736,2026-02-14
9798855418743,2026-01-27
9798855418750,2026-01-27
9798855418767,2026-02-10
9798855418774,2026-02-10
9798855418781,2026-04-14
9798855418798,2026-04-14
9798855418804,2026-02-14
9798855418811,2026-02-14
9798855418958,2026-06-09
9798855418965,2026-06-09
9798855418972,2026-02-14
9798855418989,2026-02-14
9798855419016,2026-02-14
9798855419023,2026-02-14
9798855419054,2026-02-14
9798855419061,2026-02-14
9798855419078,2026-02-14
9798855419085,2026-02-14
9798855419177,2026-02-14
9798855419184,2026-02-14
9798855419191,2026-02-14
9798855419207,2026-02-14
9798855419214,2026-02-14
9798855419221,2026-02-14
9798855419238,2026-02-14
9798855419245,2026-02-14
9798855419290,2026-02-14
9798855419306,2026-02-14
9798855419313,2025-09-09
9798855419320,2025-06-10
9798855419337,2025-05-13
9798855419344,2025-08-12
9798855419351,2025-06-10
9798855419368,2026-02-14
9798855419375,2026-02-14
9798855419405,2026-02-14
9798855419412,2026-02-14
9798855419429,2026-02-14
9798855419436,2026-02-14
9798855419443,2026-02-14
9798855419450,2026-02-14
9798855419467,2026-06-09
9798855419474,2026-06-09
9798855419504,2026-02-14
9798855419511,2026-02-14
9798855419580,
9798855419597,2026-02-14
9798855419603,2026-02-14
9798855419610,2026-02-14
9798855419627,2026-02-10
9798855419634,2026-02-10
9798855419641,2026-07-14
9798855419658,2026-07-14
9798855419757,2026-02-14
9798855419764,
9798855419818,2026-02-14
9798855419825,2026-02-14
9798855419832,2026-02-14
9798855419849,
9798855419870,2026-02-14
9798855419887,2026-02-14
9798855419894,2026-02-14
9798855419900,2026-02-14
9798855419917,2026-02-14
9798855419924,2026-02-14
9798855419931,2026-02-14
9798855419948,2026-02-14
9798855419955,2026-02-14
9798855419962,2026-02-14
9798855419979,2026-02-14
9798855419986,2026-02-14
9798855419993,2026-02-14
9798855420005,2026-02-14
9798855420159,2025-06-10
9798855420166,2025-08-12
9798855420173,2025-06-10
9798855420180,2025-09-09
9798855420197,2025-12-09
9798855420203,2026-03-03
9798855420210,2026-06-09
9798855420258,2026-02-14
9798855420265,2026-02-14
9798855420272,2026-02-14
9798855420289,2026-02-14
9798855420319,2026-02-14
9798855420326,2026-02-14
9798855420371,2026-02-14
9798855420388,2026-02-14
9798855420418,2026-02-14
9798855420425,2026-02-14
9798855420470,2026-02-14
9798855420487,2026-02-14
9798855420494,2026-02-14
9798855420500,2026-02-14
9798855420517,2026-02-14
9798855420524,2026-02-14
9798855420555,2026-02-14
9798855420562,2026-02-14
9798855420579,2026-02-14
9798855420586,2026-02-14
9798855420593,2026-02-14
9798855420609,2026-02-14
9798855420654,2026-02-14
9798855420661,2026-02-14
9798855420678,2026-04-14
9798855420685,2026-04-14
9798855420715,2025-10-21
9798855420722,2025-10-21
9798855420739,2025-12-16
9798855420746,2025-12-16
9798855420753,2026-02-14
9798855420760,2026-02-14
9798855420777,2026-02-14
9798855420784,2026-02-14
9798855420791,2026-02-14
9798855420807,2026-02-14
9798855420814,2025-12-30
9798855420821,2025-12-30
9798855420838,2026-05-12
9798855420845,2026-05-12
9798855420937,2025-11-11
9798855420944,2025-11-11
9798855420975,2026-02-14
9798855420982,2026-02-14
9798855421026,2026-02-14
9798855421033,2026-02-14
9798855421040,2026-02-14
9798855421057,2026-02-14
9798855421088,2026-02-14
9798855421095,2026-02-14
9798855421439,2025-06-10
9798855421446,2026-01-27
9798855421453,2026-01-27
9798855421491,2026-02-14
9798855421507,2026-02-14
9798855421743,2026-02-14
9798855421750,2026-02-14
9798855421767,2026-02-14
9798855421774,2026-02-14
9798855421842,2026-02-14
9798855421859,2026-02-14
9798855421866,2026-02-14
9798855421873,2026-02-14
9798855421927,2025-11-25
9798855421934,2025-11-25
9798855421941,2026-03-10
9798855421958,2026-03-10
9798855421965,2026-07-14
9798855421972,2026-07-14
9798855422009,2026-06-09
9798855422016,2026-06-09
9798855422047,2026-06-09
9798855422054,2026-06-09
9798855422061,2026-07-14
9798855422078,2026-07-14
9798855422085,2025-09-09
9798855422092,2025-12-09
9798855422108,2026-03-10
9798855422115,2026-01-13
9798855422122,2026-04-14
9798855422191,2026-02-14
9798855422207,
9798855422214,2026-02-14
9798855422221,2026-02-14
9798855422238,2026-02-14
9798855422245,2026-02-14
9798855422276,2026-01-13
9798855422283,2026-01-13
9798855422313,2026-02-14
9798855422320,2026-02-14
9798855422351,2026-02-14
9798855422368,
9798855422375,2026-02-14
9798855422382,2026-02-14
9798855422412,2025-12-30
9798855422429,2025-12-30
9798855422436,2026-01-27
9798855422443,2026-01-27
9798855422511,2026-01-27
9798855422528,2026-01-27
9798855422535,2026-06-09
9798855422542,2026-06-09
9798855422597,2026-02-14
9798855422603,
9798855422610,2026-02-14
9798855422627,2026-02-14
9798855422634,2026-02-14
9798855422641,2026-02-14
9798855422658,2026-02-14
9798855422665,2026-02-14
9798855422795,2026-02-14
9798855422801,2026-02-14
9798855422856,2026-02-14
9798855422863,2026-02-14
9798855422870,2026-02-14
9798855422887,2026-02-14
9798855423051,2026-04-14
9798855423068,2026-04-14
9798855423211,2026-02-14
9798855423228,2026-02-14
9798855423259,2026-02-14
9798855423266,2026-02-14
9798855423334,2026-02-14
9798855423341,2026-02-14
9798855423372,2026-02-14
9798855423389,2026-02-14
9798855423433,2026-02-14
9798855423440,2026-02-14
9798855423518,2026-02-14
9798855423525,2026-02-14
9798855423594,2026-04-14
9798855423600,2026-04-14
9798855423617,2026-02-14
9798855423648,2026-02-14
9798855423693,2026-04-14
9798855423709,2026-04-14
9798855423761,2026-02-14
9798855423778,2026-02-14
9798855423785,2026-02-14
9798855423792,2026-02-14
9798855423822,2025-12-16
9798855424102,2026-02-14
9798855424119,2026-02-14
9798855424140,2026-02-14
9798855424157,2026-02-14
9798855424287,2026-02-10
9798855424294,2026-02-10
9798855424348,2026-06-09
9798855424355,2026-06-09
9798855424362,2026-03-10
9798855424379,2026-03-10
9798855424386,2026-02-14
9798855424393,2026-02-14
9798855424409,2026-02-14
9798855424416,
9798855424447,2026-01-27
9798855424454,2026-01-27
9798855424461,2026-01-13
9798855424478,2026-02-10
9798855424485,2026-02-10
9798855424492,2026-03-10
9798855424508,2026-03-10
9798855424515,2026-03-10
9798855424522,2026-03-10
9798855424638,2026-02-14
9798855424645,2026-02-14
9798855424652,
9798855424669,2026-02-14
9798855424676,2026-02-14
9798855424683,2026-02-14
9798855424690,2026-02-14
9798855424706,2026-02-14
9798855424713,2026-02-14
9798855424720,2026-02-14
9798855424737,2026-02-14
9798855424744,2026-02-14
9798855424799,2026-02-14
9798855424805,2026-02-14
9798855424836,2026-02-14
9798855424843,2026-02-14
9798855424850,2026-02-14
9798855424867,2026-02-14
9798855425024,2026-02-14
9798855425031,2026-02-14
9798855425048,2026-02-14
9798855425055,2026-02-14
9798855425062,2026-02-10
9798855425079,2026-02-10
9798855425086,2026-02-14
9798855425093,2026-02-14
9798855425109,2026-02-14
9798855425116,2026-02-14
9798855425123,2026-02-14
9798855425130,2026-02-14
9798855425314,2026-02-14
9798855425321,2026-02-14
9798855425574,2026-02-14
9798855425581,2026-02-14
9798855425772,2026-02-14
9798855425789,2026-02-14
9798855425796,
9798855425802,
9798855425819,2026-02-14
9798855425826,2026-02-14
9798855425918,2026-02-14
9798855425925,2026-02-14
9798855425956,2026-04-14
9798855425963,2026-04-14
9798855425970,2026-02-14
9798855425987,2026-02-14
9798855426014,2026-03-10
9798855426021,2026-03-10
9798855426038,2025-11-11
9798855426045,2026-02-10
9798855426052,2025-11-11
9798855426069,2026-02-10
9798855426076,2026-02-24
9798855426083,2026-01-13
9798855426106,2026-02-14
9798855426113,2026-02-14
9798855426601,2026-02-14
9798855426618,2026-02-14
9798855426649,2026-02-14
9798855426656,
9798855426847,2026-02-14
9798855426892,2026-02-14
9798855426908,
9798855427202,2026-02-14
9798855427219,2026-02-14
9798855427363,2026-04-14
9798855427370,2026-04-14
9798855427387,2026-05-12
9798855427394,2026-05-12
9798855427448,2026-05-12
9798855427455,2026-05-12
9798855427462,2026-07-07
9798855427509,2026-02-14
9798855427516,2026-02-14
9798855427578,2026-02-14
9798855427585,2026-02-14
9798855427691,2026-02-14
9798855427707,2026-02-14
9798855427851,2026-02-14
9798855427868,2026-02-14
9798855427899,2026-05-12
9798855427905,2026-05-12
9798855427936,2026-06-09
9798855427943,2026-06-09
9798855427974,2026-02-14
9798855427981,2026-02-14
9798855427998,2025-10-14
9798855428001,2026-01-13
9798855428018,2026-04-21
9798855428032,2025-11-11
9798855428049,2026-02-17
9798855428056,2026-05-19
9798855428094,2025-10-14
9798855428100,2026-01-13
9798855428117,2026-04-07
9798855428124,2026-07-14
9798855428193,2026-02-14
9798855428209,2026-02-14
9798855428230,2026-02-14
9798855428247,2026-02-14
9798855428254,2026-02-14
9798855428261,
9798855428353,2026-02-14
9798855428360,2026-02-14
9798855428391,2026-02-14
9798855428407,2026-02-14
9798855428414,2026-02-14
9798855428421,2026-02-14
9798855428438,2026-02-14
9798855428445,2026-02-14
9798855428452,2026-02-14
9798855428469,2026-02-14
9798855428476,2026-02-14
9798855428483,2026-02-14
9798855428490,
9798855428506,2026-02-14
9798855428513,2026-02-14
9798855428520,2026-02-14
9798855428537,2026-02-14
9798855428544,2026-02-14
9798855428551,2026-02-14
9798855428568,2026-07-14
9798855428629,2025-11-11
9798855428636,2026-02-17
9798855428643,2026-05-12
9798855428704,2026-02-14
9798855428711,2026-02-14
9798855428780,2026-06-09
9798855428797,2026-06-09
9798855428841,2026-02-17
9798855428858,2026-05-12
9798855428902,2026-02-14
9798855428919,2026-02-14
9798855428926,2026-02-14
9798855428933,2026-02-14
9798855429008,2026-03-10
9798855429015,2026-03-10
9798855429022,2026-02-14
9798855429985,2026-02-14
9798855430011,2025-12-09
9798855430028,2026-03-17
9798855430035,2026-06-09
9798855430073,2026-01-13
9798855430080,2026-04-21
9798855430097,2026-07-14
9798855430134,2026-02-14
9798855430202,2026-07-14
9798855430219,2026-07-14
9798855430301,2026-02-14
9798855430318,2026-02-14
9798855430387,2026-02-14
9798855430394,2026-02-14
9798855430448,2026-04-14
9798855430455,2026-04-14
9798855430462,2026-06-09
9798855430479,2026-02-14
9798855430486,2026-02-14
9798855430493,2026-03-17
9798855430509,2026-03-17
9798855430639,2026-02-14
9798855430646,2026-02-14
9798855430653,2026-02-14
9798855430660,2026-02-14
9798855430677,2026-02-14
9798855430820,2026-02-24
9798855430837,2026-05-19
9798855431261,2025-12-09
9798855431278,2026-03-17
9798855431285,2026-06-09
9798855431292,2025-12-09
9798855431308,2026-03-10
9798855431315,2026-06-09
9798855431445,2026-02-14
9798855431452,2026-02-14
9798855431544,2026-02-14
9798855431551,2026-02-14
9798855431636,
9798855431643,2026-02-14
9798855431674,2026-02-24
9798855431681,2026-05-19
9798855431988,2026-03-10
9798855431995,2026-03-10
9798855433005,2026-02-14
9798855433012,2026-02-14
9798855433395,2026-02-14
9798855433401,
9798855433432,2026-05-12
9798855433487,2026-04-21
9798855433500,2026-07-14
9798855433562,2026-04-14
9798855433579,2026-07-21
9798855433623,2026-05-26
9798855433630,2026-05-12
9798855433647,2026-05-12
9798855433654,2026-05-12
9798855434033,2026-05-12
9798855434040,2026-05-12
9798855434057,2026-07-14
9798855434064,2026-07-14
9798855434071,2026-05-05
9798855434118,2026-06-02
9798855434125,2026-05-12
9798855434200,2026-05-05
9798855434286,2026-06-23
9798855434309,2026-07-07
9798855434804,2026-05-05
9798855434880,2026-05-05
9798855435009,2026-06-02
9798855435368,2026-02-14
9798855435375,2026-02-14
9798855435382,2026-02-14
9798855435399,2026-02-14
9798855435405,2026-02-14
9798855435412,
9798855435481,2026-04-07
9798855435498,2026-07-21
9798855437102,2026-02-14
9798855437119,
9798855437171,2026-07-01
9798855437874,2026-02-14
9798855437881,2026-02-14
9798855437898,2026-02-14
9798855437904,2026-02-14
